TotalSqFeet,TotBathroom,OverallQual,GarageCars,Age,SalePrice
2566,3.5,7,2,5,208500
2524,2.5,6,2,31,181500
2706,3.5,7,2,6,223500
2473,2,7,3,36,140000
3343,3.5,8,3,8,250000
2158,2.5,5,2,14,143000
3380,3,8,2,2,307000
3197,3.5,7,2,36,200000
2726,2,7,2,58,129900
2068,2,5,1,58,118000
2080,2,5,1,43,129500
3499,4,9,3,0,345000
1824,2,5,1,46,144000
2988,2,7,3,0,279500
2506,2.5,6,1,48,157000
1686,1,7,2,6,132000
2008,2,6,2,40,149000
1296,2,4,2,39,90000
2228,2.5,5,2,4,159000
2368,1,5,1,44,139000
3534,3.5,8,3,0,325300
1745,1,7,1,57,139400
3572,2,8,2,6,230000
2100,2,5,2,31,129900
2120,2,5,1,9,154000
3166,2,8,3,2,256300
1800,1.5,5,2,10,134800
3408,3,8,3,2,306000
3084,2,5,1,9,207500
1040,1,4,1,58,68500
1966,1,4,1,58,40000
2456,1.5,5,1,2,149350
2468,2,8,2,1,179900
3098,2,5,2,51,165500
3122,3,9,2,2,277500
3569,3.5,8,3,1,309000
2194,1.5,5,2,14,145000
2594,1.5,5,2,19,153000
2114,2,5,1,3,109000
1152,2,4,0,53,82000
2412,2,6,2,41,160000
2678,2,5,1,48,170000
1724,2,5,2,24,144000
1876,2,5,1,28,130250
2300,2,5,1,47,141000
3504,3,9,2,5,319900
3583,2.5,7,2,6,239686
3312,2,8,3,1,249700
2188,2,4,0,1,113000
1910,2,5,1,41,127000
2264,2.5,6,2,10,177000
1992,1,6,2,56,114500
1632,2,5,2,47,110000
3684,2.5,9,3,19,385000
1744,1,5,2,52,130000
2850,2,6,2,44,180500
2709,3.5,8,2,9,172500
2580,2.5,7,2,2,196500
4355,3.5,10,3,0,438780
1560,1,5,1,36,124900
2316,2.5,6,2,2,158000
1641,1,5,1,11,101000
2740,2,8,2,1,202500
2286,2,7,2,60,140000
3091,3.5,7,2,11,219500
3616,2.5,8,3,2,317000
4154,3,7,2,21,180000
2932,3,7,2,4,226000
1494,1,4,1,60,80000
3591,2,7,2,53,225000
4446,3,7,2,34,244000
1690,2,4,2,1,129500
2550,2.5,7,2,11,185000
2172,2,5,2,7,144900
2445,2,3,1,60,107400
1450,2,4,1,36,91000
1904,1,4,1,52,135750
1957,2,5,1,7,127000
3536,2,4,0,42,136500
1670,1.5,5,2,28,110000
3038,2.5,6,1,41,193500
2574,3,6,2,8,153500
3126,2,8,3,1,245000
2130,1.5,5,2,47,126500
1858,2.5,7,2,13,168500
3705,2.5,8,2,14,260000
2244,2.5,6,2,4,174000
1836,2.5,6,2,0,164500
2539,1,3,0,27,85000
1980,2,4,0,12,123600
1040,1,4,2,56,109900
2470,1,5,2,45,98600
1840,2,5,2,3,163500
3505,2.5,6,2,9,133900
2610,3.5,6,2,10,204750
2150,2.5,6,2,16,185000
3176,2,7,2,7,214000
1920,2,4,1,42,94750
1293,1,5,1,60,83000
2175,2.5,4,0,51,128950
3220,3,6,2,9,205000
2473,2.5,6,2,25,178000
1535,2,5,2,30,118964
2452,2,7,3,1,198900
2858,1.5,7,1,57,169500
3045,2.5,8,2,4,250000
1688,1,4,1,12,100000
1578,1,5,1,58,115000
2310,2,5,0,2,115000
3688,2,6,2,33,190000
2849,2,6,1,34,136900
1814,2.5,7,2,10,180000
3960,3.5,7,3,0,383970
4068,3,6,2,54,217000
3348,3.5,6,1,5,259500
2187,2.5,6,2,8,176000
2184,1.5,5,1,47,139000
2250,1.5,5,2,0,155000
4895,4,7,3,20,320000
2184,2.5,6,2,0,163990
1926,2,6,2,37,180000
1855,1,4,1,57,100000
2160,1,6,1,50,136000
2398,2,6,2,15,153900
2948,2,6,2,11,181000
1274,2,6,0,24,84500
2036,2,6,2,31,128000
1512,1,5,0,57,87000
2008,1.5,6,2,40,155000
2061,2,5,2,15,150000
3081,2.5,7,2,40,226000
3046,3.5,6,2,9,244000
2390,2,5,2,5,150750
2563,3,8,2,7,220000
3182,2.5,5,2,13,180000
2986,2,7,2,38,174000
2428,2,5,1,40,143000
3866,3,7,3,17,171000
2856,2.5,8,3,8,230000
2692,3.5,6,2,12,231500
1728,1,4,0,39,115000
3468,3,7,2,1,260000
2295,2,5,2,58,166000
2991,3,7,2,10,204000
3456,3,5,2,43,125000
2679,2,6,2,0,130000
1590,2,5,1,16,105000
2919,2.5,7,2,9,222500
2160,2,7,0,3,141000
2240,1,5,1,56,115000
1938,1.5,5,2,32,122000
3420,3,8,3,0,372402
2818,2.5,6,2,35,190000
2854,2,6,2,33,235000
2400,1,6,1,56,125000
1668,1,6,0,58,79000
1040,1,5,2,56,109500
2742,2.5,8,3,0,269500
2938,2.5,7,2,5,254900
3854,3.5,7,2,0,320000
2464,2,6,2,24,162500
4240,3.5,9,3,4,412500
3082,2,7,2,5,220000
1764,1,4,0,51,103200
2765,2,6,1,3,152000
1999,3,5,0,9,127500
3484,2,5,1,16,190000
3743,2.5,8,3,0,325624
2560,2.5,7,2,3,183500
3393,2.5,8,2,25,228000
2102,1.5,5,2,57,128500
2736,2,6,2,50,215000
2831,3,7,2,19,239000
2724,2.5,6,2,47,163000
3257,3,6,2,22,184000
3360,3,6,2,6,243000
3211,3,6,2,18,211000
2972,3,5,2,48,172500
4450,3,9,3,0,501837
1936,1,5,2,1,100000
2281,2.5,6,2,7,177000
2595,1.5,7,1,56,200100
1340,1,5,1,1,120000
3444,2.5,7,2,5,200000
1756,1,5,2,15,127000
4715,2.5,10,3,13,475000
2405,3,7,2,18,173000
2316,2.5,5,1,22,135000
2310,3,5,2,30,153337
3186,2.5,8,2,6,286000
3580,2.5,8,2,13,315000
2204,2.5,7,2,3,184000
2862,3,7,2,10,192000
2679,2,7,2,2,130000
1728,1,5,1,36,127000
2311,2.5,6,2,33,148500
3452,3,7,3,0,311872
4472,3.5,8,2,16,235000
2984,1,6,0,59,104000
3426,3,8,3,4,274900
2242,2,4,2,6,140000
2475,2.5,6,2,31,171500
1927,2,6,1,56,112000
1696,2,6,2,4,149000
2004,1.5,5,1,59,110000
2866,2,7,2,19,180500
2836,1.5,5,1,45,143900
2200,2,4,1,48,141000
3219,3.5,7,2,18,277000
2184,2,6,2,44,145000
1728,2,5,0,58,98000
2424,2,6,2,1,186000
2752,3.5,7,2,0,252678
1980,1.5,5,2,11,156000
2081,1.5,6,1,33,161750
2306,1.5,5,1,10,134450
2872,3,7,2,4,210000
2014,1,4,1,56,107000
2752,2,7,2,2,311500
2496,2,7,2,0,167240
2996,2,7,2,0,204900
3277,2.5,6,2,7,200000
2265,3.5,6,2,31,179900
1728,1,4,2,38,97000
4784,2,10,3,6,386250
1932,2.5,5,1,38,112000
3723,2.5,7,3,12,290000
1470,1.5,6,1,38,106000
1824,1,5,1,43,125000
2928,2,7,2,3,192500
2388,2,6,1,51,148000
4256,3.5,8,3,13,403000
1470,1.5,6,1,34,94500
1788,2,5,1,34,128200
2820,3.5,6,2,8,216500
1470,1.5,6,1,37,89500
2828,2,7,2,6,185500
2740,2.5,7,2,7,194500
3388,2,8,3,0,318000
2222,1.5,6,1,60,113000
3132,3,8,2,2,262500
1552,1,5,0,10,110500
1980,1,5,1,56,79000
1843,1.5,6,1,29,120000
3058,3.5,7,2,8,205000
3717,2.5,7,2,18,241500
2948,2,6,1,56,137000
2742,1,6,2,52,140000
2508,2.5,7,2,4,180000
3588,2.5,6,2,1,277000
2034,1,3,0,44,76500
3198,3.5,8,2,0,235000
2438,2.5,6,2,4,173000
2604,2.5,6,1,16,158000
2628,2,5,1,53,145000
3266,2.5,7,2,7,230000
2592,2.5,6,2,5,207500
3208,3.5,7,2,3,220000
2755,2.5,7,2,7,231500
882,1,5,1,52,97000
2744,2,6,2,47,176000
4056,2.5,8,3,0,276000
1718,2,6,2,11,151000
2242,2,5,2,9,130000
1444,1,5,2,4,73000
2844,2,6,2,27,175500
2313,3.5,6,2,9,185000
2912,2.5,5,1,11,179500
1518,1,5,1,53,120500
2256,2.5,6,1,31,148000
3034,2.5,8,3,0,266000
2748,2,7,2,3,241500
3422,2.5,8,3,3,290000
2872,3,6,1,21,139000
1632,1,5,1,25,124500
2500,2.5,7,2,2,205000
3120,2,7,2,7,201000
1728,1,4,2,59,141000
4242,2.5,9,3,0,415298
3182,2.5,7,2,31,192000
2789,2.5,7,2,18,228500
2524,2,6,2,0,185000
2628,3,7,2,1,207500
2936,2,8,3,0,244600
3150,3,6,2,15,179200
1875,2.5,7,2,0,164700
2646,1.5,6,2,25,159000
1716,1,4,0,35,88000
1782,1,5,1,43,122000
2094,1,6,1,4,153575
2998,2.5,8,2,0,233230
2496,3,5,0,8,135900
2484,1.5,5,1,1,131000
3058,3.5,7,2,12,235000
3060,2,6,2,56,167000
2006,2,6,2,22,142500
2468,1.5,5,1,57,152000
2925,2.5,7,2,9,239000
2445,2.5,6,2,39,175000
2244,1.5,6,1,5,158500
2501,2,5,1,53,157000
3480,2.5,8,2,8,267000
3082,2,7,3,4,205000
1788,2,5,2,34,149900
4963,3,7,3,6,295000
4000,3,8,3,2,305900
2943,3.5,7,3,16,225000
1725,1,6,0,58,89500
1722,1,4,2,59,82500
3840,3,9,3,2,360000
2198,2.5,6,2,12,165600
1944,2,6,1,7,132000
1911,2,5,2,56,119900
4172,4,7,2,44,375000
2369,2,7,2,16,178000
2148,3.5,7,2,4,188500
3198,3.5,7,2,29,260000
3047,2.5,8,3,1,270000
3993,3.5,7,3,16,260000
2844,3,7,2,29,187500
3845,3.5,9,3,0,342643
3604,3.5,8,3,3,354000
4232,3.5,7,2,20,301000
2325,2,3,1,1,126175
3688,2.5,7,2,3,242000
1523,1,5,2,57,87000
3438,3.5,8,2,15,324000
2766,1.5,6,1,46,145250
2978,2,6,2,15,214500
1788,1,5,1,59,78000
3456,2.5,5,1,43,119000
2112,2,5,1,15,139000
4835,3,8,3,5,284000
2716,3,7,2,4,207000
2581,3.5,6,2,10,192000
3285,4,5,2,43,228950
3844,3,9,3,1,377426
3072,3,7,2,5,214000
2829,3,7,2,8,202500
2430,1,6,1,11,155000
2875,2.5,8,2,8,202900
1562,1,4,1,59,82000
1040,2,3,2,56,87500
3368,2,9,2,3,266000
1648,1.5,5,1,34,85000
2549,1,6,1,56,140200
1916,1,6,1,9,151500
2956,3,6,2,49,157500
2390,3.5,7,2,4,154000
4576,3.5,9,3,0,437154
3738,2,9,2,0,318061
2906,2.5,7,2,20,190000
1727,1.5,5,1,58,95000
1344,1,6,2,7,105900
2535,1,6,1,6,140000
2400,3,6,2,12,177500
2325,3,6,2,17,173000
2284,2.5,5,2,31,134000
2414,1.5,5,1,48,130000
3010,3.5,8,2,8,280000
1800,2,6,2,29,156000
2388,2,5,1,26,145000
1922,3,7,2,6,198500
1470,1.5,6,1,2,118000
2370,3.5,6,2,30,190000
2016,1,5,1,12,147000
2788,2.5,6,2,46,159000
2530,1.5,6,1,46,165000
2536,1,5,1,56,132000
2350,2,5,2,4,162000
2617,2.5,6,2,6,172400
1588,2,4,2,49,134432
1496,2,6,1,26,125000
1927,2,5,1,56,123000
2775,2.5,7,2,3,219500
1587,1.5,1,0,59,61000
1784,1,5,2,10,148000
4046,3,8,2,2,340000
3712,2.5,9,3,0,394432
2782,2.5,6,2,9,179000
2717,2,5,1,60,127000
2594,3,7,2,0,187750
2736,2.5,7,2,1,213500
1568,1,6,2,59,76000
3533,3.5,6,2,15,240000
2525,2,8,2,5,192000
1842,1,5,0,10,81000
2166,2,6,1,33,125000
2947,2,7,2,8,191000
4014,3.5,10,3,0,426000
2228,2,5,1,58,119000
2765,3.5,6,2,7,215000
882,1,5,1,48,106500
1576,1,4,0,56,100000
1769,1,5,1,57,109000
2288,2,5,1,54,129000
1788,1,5,2,37,123000
2676,2,5,1,45,169500
2038,1,5,1,57,67000
2642,3,7,2,2,241000
2548,2.5,8,2,12,245500
2620,2,7,2,1,164990
1344,1,5,1,11,108000
3404,2.5,8,2,8,258000
2378,2.5,6,2,11,168000
2901,3,4,2,16,150000
2703,1,6,1,58,115000
2520,2,6,1,32,177000
3235,2.5,7,3,1,280000
3112,3.5,8,3,0,339750
2552,1,5,1,51,60000
2112,2,5,2,51,145000
2948,3.5,7,2,1,222000
2036,1,5,2,60,115000
3177,3,7,3,15,228000
2680,2,7,2,0,181134
2072,1.5,6,2,28,149500
3994,3.5,6,3,57,239000
1890,2.5,5,1,57,126000
2112,2,5,1,42,142000
2688,4,7,4,10,206300
3204,2.5,6,2,9,215000
1976,1,5,2,54,113000
4100,3.5,8,3,10,315000
2392,2,6,1,52,139000
2040,1.5,7,1,17,135000
3162,3.5,7,2,20,275000
1814,1,4,1,51,109008
2416,3,7,2,0,195400
2804,3,6,2,21,175000
1470,1.5,6,1,37,85400
2099,1,6,0,10,79900
2130,2.5,5,2,36,122500
2530,2.5,6,2,10,181000
1260,2,4,0,36,81000
2460,3.5,7,2,13,212000
1766,1,6,2,56,116000
1788,1,6,1,5,119000
1134,1,5,1,5,90350
1880,1,6,2,9,110000
5496,3,10,3,1,555000
2880,2,4,0,53,118000
2651,2,5,2,16,162900
2516,2,7,3,0,172500
2823,3.5,7,2,13,210000
3125,1,6,2,53,127500
3405,2.5,6,2,8,190000
2816,2.5,7,2,7,199900
2156,2,6,1,56,119500
1832,1.5,3,1,5,120000
1626,1,6,1,1,110000
3066,3,7,2,31,280000
2628,3.5,6,2,10,204000
2358,2.5,8,2,1,210000
3456,4,5,2,30,188000
2484,1.5,7,2,34,175500
1968,1,5,3,58,98000
3027,2,4,2,14,256000
2254,1,8,1,12,161000
1912,2,5,1,59,110000
2767,3.5,8,2,0,263435
1695,2,7,2,2,155000
1728,1,5,1,44,62383
2375,1.5,6,1,13,188700
2080,2,5,0,31,124000
2789,2,7,2,2,178740
2554,2,7,2,37,167000
2372,1.5,5,1,12,146500
3260,2,8,3,1,250000
2542,2.5,6,2,15,187000
2990,2.5,8,2,25,212000
2777,2.5,7,2,30,190000
1619,2,6,2,3,148000
3952,3,8,3,0,440000
3146,3,8,2,7,251000
1940,2,5,2,44,132500
2971,3,6,2,10,208900
4796,2.5,9,3,1,380000
3423,3,8,3,1,297000
2038,1,4,2,7,89471
3683,3,9,3,1,326000
3584,3,9,3,2,374000
2736,2.5,7,1,4,155000
2432,3,6,2,8,164000
1998,2,5,1,6,132500
2226,1,5,1,2,147000
2146,2.5,5,2,42,156000
2968,2,5,2,36,175000
3368,2,5,2,36,160000
1260,2,4,1,7,86000
1568,1.5,5,1,32,115000
2384,2,6,1,56,133000
2184,2.5,6,2,0,172785
2538,1.5,5,1,48,155000
1076,1,5,1,13,91300
1440,1,4,0,59,34900
6428,4,8,2,14,430000
2846,3,7,1,58,184000
1763,1,5,1,5,130000
1824,1.5,5,1,22,120000
1890,1.5,6,1,34,113000
2634,2.5,7,2,3,226700
2428,2,5,2,42,140000
3302,3,7,2,13,289000
2177,3,6,2,35,147000
2920,2,5,2,57,124500
2688,2.5,8,2,12,215000
2436,2,6,2,0,208300
2067,2,7,2,3,161000
2082,2,5,1,50,124500
2371,2,5,1,9,164900
2736,2,7,2,0,202665
1728,2,5,2,48,129900
2164,1.5,6,2,24,134000
1557,1,5,1,57,96500
4026,3.5,10,3,0,402861
2808,2.5,6,2,37,158000
3608,2.5,7,3,12,265000
2590,3.5,6,2,9,211000
3356,1.5,7,1,5,234000
1294,2,4,0,8,106250
2488,1.5,6,1,50,150000
2668,2,6,2,56,159000
7814,4.5,10,3,-1,184750
3777,3.5,7,3,10,315750
2523,2,7,2,1,176000
1856,1,5,1,7,132000
4165,3.5,9,3,0,446261
1133,2,4,0,5,86000
4550,4,6,2,32,200624
2970,3,6,2,19,175000
1973,2,6,2,9,128000
827,1,5,1,3,107500
334,1,1,0,57,39300
2121,2.5,8,2,2,178000
2464,2,5,0,17,107500
2604,2.5,7,2,9,188000
1728,1,4,2,36,111250
2210,1.5,5,1,38,158000
3182,3,8,2,8,272000
3676,3,9,3,3,315000
3254,2.5,8,3,7,248000
3330,3,7,2,10,213250
1490,2,7,1,9,133000
2150,3.5,7,2,0,179665
3387,2.5,7,3,18,229000
2700,1.5,6,2,57,210000
1536,2,5,2,37,129500
1650,2,5,2,13,125000
3006,2.5,7,2,5,263000
2138,2,6,2,31,140000
1856,1,5,1,51,112500
3426,2,8,3,3,255500
1126,2,4,2,6,108000
3044,3.5,7,3,4,284000
2041,1,5,1,56,113000
2184,2,5,1,49,141000
1973,1.5,4,1,56,108000
2175,3,7,2,11,175000
2931,2,7,2,2,234000
2784,2.5,5,2,14,121500
2778,2,5,2,31,170000
1992,2,5,0,39,108000
2837,2,6,2,58,185000
3390,3.5,7,2,6,268000
2453,2.5,6,1,60,128000
3626,2.5,9,3,1,325000
3052,2,7,2,6,214000
3628,2.5,8,2,0,316600
1886,2,5,2,27,135960
3456,2,5,2,43,142600
1728,2,6,1,47,120000
2538,2.5,7,2,0,224500
1814,2.5,7,2,7,170000
1481,1.5,5,1,2,139000
2048,1,5,1,58,118500
2338,2.5,7,1,59,145000
2484,2,5,2,40,164500
2081,2,7,2,1,146000
2845,2,5,1,54,131500
2573,1.5,6,2,20,181900
4084,2.5,8,3,0,253293
1632,2,6,0,17,118500
4012,3.5,10,2,8,325000
2457,1,4,1,14,133000
3896,3,8,3,0,369900
1654,2,6,1,8,130000
1700,2,5,2,27,137000
2910,3,5,1,6,143000
1677,1,5,1,48,79500
2352,2.5,7,2,4,185900
4018,3.5,10,3,1,451950
1632,2,5,2,5,138000
1696,2,6,2,6,140000
1848,1,5,1,33,110000
3640,3,8,3,0,319000
2052,1,6,1,13,114504
2660,2,7,3,0,194201
3077,3,5,2,29,217500
2272,3.5,6,2,28,151000
2962,3.5,8,2,1,275000
2155,1.5,6,1,57,141000
2823,3.5,8,2,14,220000
1800,2.5,7,2,5,151000
2988,3,7,2,6,221000
2754,2.5,7,2,19,205000
2080,2,5,2,13,152000
2904,4,5,1,4,225000
4159,2.5,8,2,9,359100
2058,2,4,1,46,118500
3593,3.5,9,3,9,313000
2064,2.5,6,2,29,148000
3171,3.5,8,2,8,261500
2240,1,5,0,0,147000
1260,2,4,0,38,75500
1990,2,6,2,47,137500
2292,3.5,6,2,3,183200
1664,1,6,2,54,105500
3650,2,9,3,0,314813
3744,3.5,8,3,5,305000
1728,2,3,0,58,67000
4136,2.5,6,2,11,240000
1960,1,5,2,32,135000
2268,2.5,6,2,7,168500
2522,3,6,2,34,165150
2232,1.5,6,2,48,160000
2400,1,5,1,29,139900
2676,2,6,1,38,153000
3120,2.5,5,2,38,135000
2598,2.5,6,2,44,168500
2386,1,5,1,15,124000
3108,2,8,2,1,209500
2797,2,7,2,32,82500
2112,1.5,5,1,2,139400
2112,2,6,2,30,144000
4835,2,6,0,12,200000
1064,1,2,0,59,60000
2198,2,5,1,55,93000
1592,1,5,0,58,85000
3087,3,8,3,0,264561
3036,1.5,8,2,4,274000
2986,3.5,7,2,6,226000
4656,3.5,8,2,14,345000
2400,2.5,5,2,38,152000
3532,3.5,9,3,0,370878
1962,2.5,6,2,36,143250
1048,1,5,2,58,98300
2188,1,6,2,55,155000
2595,1.5,6,2,44,155000
1260,2,4,0,37,84500
2478,2.5,7,2,1,205950
2265,2,4,1,59,108000
2596,2.5,7,2,13,191000
2225,1,6,1,13,135000
4222,3.5,8,3,13,350000
1617,1.5,6,1,39,88000
2106,2.5,5,1,2,145500
2278,1.5,7,1,8,149000
2370,1.5,6,1,60,97500
2972,2,5,2,10,167000
2728,2.5,7,2,31,197900
4077,3.5,8,3,4,402000
2784,2,6,2,41,110000
2319,3,4,2,36,137500
4174,2.5,8,3,0,423000
3342,2.5,8,2,6,230500
3401,2.5,6,2,28,129000
3087,3,6,2,10,193500
2625,2.5,5,2,19,168000
1880,1,4,1,56,137500
2214,3.5,6,2,4,173500
2041,3,6,1,59,103600
2416,2.5,6,2,29,165000
3316,3,6,2,3,257500
2272,2,6,1,43,140000
2296,2.5,6,2,31,148500
2869,3,4,3,56,87000
1560,1,5,1,3,109500
4092,2.5,8,3,1,372500
1976,2,5,2,46,128500
1846,2,6,1,30,143000
2313,1,5,1,9,159434
2582,2,6,2,11,173000
3294,3,9,3,5,285000
3034,2.5,7,2,12,221000
3280,3,7,2,23,207500
2635,3,7,2,0,227875
1653,2.5,7,2,3,148800
2838,3,8,2,0,392000
2724,2,6,2,1,194700
1696,2,6,2,4,141000
6760,4,10,3,12,755000
3729,3.5,7,2,16,335000
2146,1,5,1,38,108480
2466,1.5,5,2,59,141500
2249,3,6,2,19,176000
1232,1,5,1,56,89000
2128,1.5,5,1,54,123500
1788,2,5,1,1,138500
2782,2,7,2,4,196000
3600,3,8,3,4,312500
2328,1.5,7,2,37,140000
3810,2.5,8,3,0,361919
2172,2,5,2,14,140000
2957,3,7,2,5,213000
1092,2,4,0,60,55000
3467,3,7,2,5,302000
2648,3,8,2,3,254000
2184,2.5,7,2,0,179540
1780,1,5,1,42,109900
999,1,3,0,5,52000
2037,1,4,1,60,102776
2456,3,8,2,19,189000
1920,2,4,2,36,129000
2204,2.5,6,2,5,130500
2414,2,6,2,35,165000
3272,1.5,7,2,9,159500
2354,2,5,2,8,157000
3729,3.5,7,3,14,341000
1942,1.5,5,1,37,128500
3484,3,8,2,21,275000
1696,2,6,2,6,143000
1728,1,4,2,39,124500
2411,2,4,1,36,135000
3396,3,9,3,1,320000
1728,1,4,2,39,120500
2560,3,6,2,2,222000
2464,3,7,2,2,194500
3360,3,5,3,51,110000
1988,1,4,2,59,103000
3211,3,8,2,14,236500
2014,3,7,2,4,187500
3184,2.5,7,2,9,222500
2008,2,5,1,26,131400
1896,1,5,1,39,108000
2648,1.5,7,2,36,163000
1040,2,3,2,56,93500
2694,2.5,8,3,1,239900
2400,6,5,0,21,179000
2592,2.5,7,2,5,190000
1696,2,5,2,5,132000
1824,2.5,6,1,12,142000
2698,2,7,2,6,179000
1984,2.5,5,2,10,175000
2674,3,8,2,15,180000
3857,4,8,2,12,299800
3208,2.5,7,2,9,236000
3880,1.5,7,4,6,265979
3440,3,7,2,14,260400
1529,2,4,1,59,98000
1716,1,4,0,6,96500
1980,2.5,7,2,4,162000
2973,3,6,2,9,217000
3128,2.5,8,3,1,275500
2052,2,6,2,4,156000
2200,2.5,6,2,10,172500
2634,2.5,8,2,2,212000
2058,2.5,6,2,32,158900
2245,2.5,7,2,9,179400
3849,2.5,8,3,12,290000
1728,1,6,1,50,127500
2446,1,5,2,59,100000
2303,2.5,7,2,1,215200
3617,3.5,8,3,10,337000
2988,2.5,8,2,10,270000
3004,2,9,2,0,264132
2694,2.5,7,2,22,196500
2733,3,6,1,23,160000
3696,2,7,2,1,216837
4929,4.5,8,3,7,538000
1716,2,5,2,27,134900
2056,1,4,2,55,102000
2146,2,6,2,34,107000
1824,1,5,1,49,114500
3908,2,8,3,1,395000
2408,3,6,2,11,162000
3228,2,7,3,0,221500
1758,2,5,2,32,142500
2020,2,5,2,30,144000
1979,2,6,2,29,135000
2490,2,7,2,11,176000
2364,2.5,6,2,14,175900
2843,2,7,2,7,187100
2207,2,5,2,31,165500
2226,2,6,0,7,128000
2714,2,6,2,42,161500
2338,3,5,1,60,139000
3040,3.5,7,2,6,233000
1802,1,4,1,8,107900
2919,2.5,6,2,0,187500
2290,2,7,2,3,160200
2091,2,6,2,31,146800
3130,3.5,7,2,10,269790
2992,2,8,2,0,225000
2607,2.5,7,2,12,194500
2214,2.5,6,2,29,171000
1945,1.5,6,2,30,143500
1546,1,5,1,55,110000
5066,3.5,9,3,0,485000
2499,2.5,5,1,57,175000
2304,3.5,6,2,11,200000
2392,2,4,2,17,109900
2184,3.5,7,2,3,189000
4556,3.5,9,3,0,582933
2064,1,5,1,52,118000
2845,2,7,2,0,227680
1960,2,5,1,39,135500
2900,3.5,5,2,5,223500
2110,2,5,2,40,159950
2987,2,5,2,44,106000
2349,2.5,6,2,7,181000
1696,2,6,2,4,144500
1584,1,5,2,58,55993
2884,1.5,6,1,49,157900
1936,2,5,1,56,116000
3310,2,7,2,12,224900
2016,1,5,1,52,137000
3257,3,8,3,6,271000
2062,2,6,2,39,155000
2716,3,7,2,0,224000
2438,2.5,7,2,5,183000
1872,1,4,2,56,93000
2580,2.5,7,2,4,225000
2267,2,6,1,59,139500
2978,2,8,2,0,232600
4162,3,10,3,0,385000
1568,2,5,0,58,109500
2888,2,7,2,8,189000
3139,3,5,2,42,185000
1823,2.5,7,2,1,147400
2784,2.5,6,2,51,166000
1800,2.5,7,2,1,151000
2770,3.5,7,2,7,237000
3032,1.5,6,2,45,167000
2288,2,5,2,47,139950
2134,2,4,2,15,128000
3118,2,5,2,34,153500
1470,2.5,6,1,35,100000
2198,1.5,5,1,2,144000
1968,1,5,1,13,130500
2154,2,6,1,58,140000
2189,2,5,2,6,157500
2292,2.5,6,2,42,174900
3600,2,5,0,46,141000
2292,1.5,5,3,58,153900
3091,3,5,2,26,171000
2515,3.5,7,2,16,213000
1728,2,5,1,37,133500
3265,3,6,2,11,240000
2383,2.5,6,2,13,187000
1696,2,6,2,4,131500
2729,2,8,2,3,215000
2564,2,7,1,57,164000
2572,1.5,6,2,45,158000
3542,2.5,5,2,32,170000
2080,2.5,5,1,0,127000
1966,2,6,2,30,147000
2183,2.5,6,2,14,174000
2460,2,7,2,33,152000
3708,3.5,6,2,22,250000
2338,1.5,7,1,9,189950
2078,2.5,5,2,45,131500
2137,2,6,2,25,152000
2296,2,5,1,50,132500
2744,2,7,2,0,250580
2004,2,5,2,39,148500
3284,2,8,3,0,248900
2160,2.5,4,2,46,129000
2320,2,5,2,56,169000
2999,3.5,7,2,16,236000
1788,1,5,1,47,109500
2486,2.5,6,2,12,200500
1015,1,5,2,12,116000
2100,1,5,1,59,133000
1807,1.5,5,1,59,66500
3794,2.5,8,2,0,303477
2104,2,4,2,44,132250
3686,3.5,9,3,4,350000
2264,2,5,2,15,148000
1728,2,5,1,4,136500
2180,2.5,5,2,1,157000
2873,2.5,7,2,16,187500
2401,2.5,6,2,16,178000
3025,2,4,1,56,118500
1784,1,5,1,42,100000
3407,3,9,2,8,328900
3338,2,5,2,1,145000
2209,1.5,5,1,53,135500
4434,3,8,2,37,268000
3010,2,6,2,56,149500
1596,1,5,2,1,122900
2601,2.5,6,2,31,172500
2127,1.5,6,1,3,154500
2766,2,5,1,54,165000
1535,2,5,2,30,118858
2576,2.5,6,2,45,140000
1902,1,4,1,56,106500
2240,2,5,2,30,142953
4694,3.5,9,3,0,611657
2148,1,5,1,12,135000
1716,1,4,1,36,110000
2298,2,5,1,9,153000
2292,2.5,7,2,3,180000
3340,2,7,3,0,240000
1778,1,5,1,40,125500
2119,2,5,1,56,128000
3259,3,8,3,1,255000
3074,1.5,7,1,19,250000
1766,2,5,2,23,131000
2226,2.5,6,2,4,174000
3379,2,5,2,50,154300
2536,1.5,5,1,20,143500
1783,1,5,1,56,88000
3003,2,5,3,57,145000
1836,2.5,6,2,0,173733
1638,1.5,4,1,37,75000
960,1,2,1,56,35311
2363,1,4,1,53,135000
3231,3.5,7,3,16,238000
2598,2,6,2,6,176500
2649,3,6,2,13,201000
3472,5,5,0,5,145900
2632,2,6,2,0,169990
3221,3,6,2,14,193000
3372,3,6,2,26,207500
2252,2.5,5,2,31,175000
3555,2.5,8,3,3,285000
2810,2.5,7,2,40,176000
3541,2,8,2,8,236500
3200,2.5,7,2,9,222000
2932,2,8,3,2,201000
1850,1.5,5,1,44,117500
3810,2,9,3,1,320000
3000,2,7,2,5,190000
2654,3,7,2,1,242000
1347,1,4,2,53,79900
2376,3,7,2,6,184900
3084,2.5,7,2,4,253000
3353,2.5,7,3,0,239799
3435,2,7,1,60,244400
3456,2,6,2,30,150900
3052,3.5,7,2,10,214000
2880,4,4,0,30,150000
3264,2,5,2,40,143000
2163,1.5,6,2,51,137500
2957,1,5,2,13,124900
2288,2,5,1,47,143000
3245,3,8,3,4,270000
2712,2.5,7,2,4,192500
2542,2.5,6,2,4,197500
1728,2,5,2,5,129000
1793,2,5,1,41,119900
1536,1.5,5,1,6,133900
2752,3,5,2,39,172000
1925,3,6,0,31,127500
2937,2,6,2,57,145000
1790,1.5,6,2,29,124000
2114,1,5,2,45,132000
2674,3,7,2,4,185000
2112,3.5,7,2,11,155000
1716,2,5,0,2,116500
4202,3.5,6,2,13,272000
2352,3.5,6,2,31,155000
3600,2,9,2,2,239000
2711,3.5,7,2,7,214900
2267,2.5,6,2,0,178900
2036,2.5,5,1,59,160000
2196,2,5,1,53,135000
1568,1,3,0,59,37900
1683,2,6,1,48,140000
1912,1.5,4,0,56,135000
2390,2,7,2,5,173000
1836,2,6,1,31,99500
2856,2,7,2,0,182000
2747,1,7,2,16,167500
2055,3.5,7,2,6,165000
1309,1,4,0,48,85500
2482,2.5,7,2,0,199900
1788,1,4,2,53,110000
2242,2,5,2,46,139000
1943,2,7,2,1,178400
3837,3.5,8,3,10,336000
2532,2,7,2,1,159895
3418,2.5,8,2,6,255900
1734,2,5,2,32,126000
2328,2,5,1,58,125000
2120,1,6,1,3,117000
3870,3.5,9,3,0,395192
2878,2.5,6,2,31,195000
2346,2.5,7,2,0,197000
3788,3.5,8,3,8,348000
2658,1.5,8,2,23,168000
2673,2.5,6,2,14,187000
2250,2.5,6,2,0,173900
3418,3,10,3,2,337500
1977,2.5,4,1,56,121600
2100,2,5,1,45,136500
2884,2,6,2,39,185000
2084,1,3,1,56,91000
2395,3,7,2,4,206000
944,1,3,2,57,82000
1382,1,5,1,57,86000
3148,2,8,3,2,232000
3360,2,5,2,31,136905
2850,2,7,2,3,181000
1970,2,5,1,31,149900
3314,2.5,6,2,37,163500
1638,1.5,4,1,39,88000
3420,2,7,2,4,240000
2530,2,5,0,56,102000
1991,2,5,1,58,135000
1664,2,5,0,45,100000
2104,1.5,6,1,11,165000
2044,2,5,1,3,85000
2164,1,6,1,57,119200
2475,3.5,8,2,8,227000
3008,3,7,2,13,203000
2580,2,8,2,25,187500
1856,2.5,7,2,15,160000
2868,2,7,2,1,213490
2264,2.5,4,2,3,176000
2419,3,7,2,0,194000
2160,1,5,1,57,87000
2850,2,7,2,2,191000
4463,3,8,2,32,287000
1764,2,5,2,35,112500
2532,2,5,2,50,167500
3284,3,8,3,0,293077
2144,2,5,1,57,105000
1890,2,6,1,34,118000
2614,2,5,0,11,160000
3906,3.5,7,2,39,197000
3858,3.5,8,3,13,310000
3308,3,7,3,4,230000
1874,1,5,1,57,119750
845,1,4,1,52,84000
3240,3,9,3,1,315500
3318,2.5,8,2,6,287000
1890,1.5,4,0,1,97000
1260,2,4,1,39,80000
2937,3,5,2,6,155000
2432,2,6,2,8,173000
2612,3,6,2,4,196000
3804,3.5,7,2,18,262280
5048,3.5,8,2,28,278000
1733,2,3,2,54,139600
4860,3.5,9,3,0,556581
1980,1.5,5,2,13,145000
1771,1,5,2,3,115000
930,1,4,1,4,84900
2604,2,7,2,0,176485
2632,2,7,2,0,200141
2793,2,6,2,29,165000
2742,1,5,1,8,144500
3054,3.5,8,2,4,255000
2716,2.5,6,2,32,180000
2728,3,7,2,1,185850
2823,2.5,7,2,15,248000
3288,3.5,9,3,1,335000
2845,1.5,6,2,57,220000
2676,3,8,2,9,213500
1788,1,3,3,58,81000
2999,2,5,2,57,90000
2206,1,6,2,26,110500
2308,1.5,5,2,43,154000
3566,3.5,7,2,13,328000
2370,2.5,6,2,15,178000
2391,2.5,6,2,44,167900
3463,3.5,6,2,33,151400
1738,1.5,5,2,4,135000
2096,2,5,1,51,135000
2283,1.5,6,2,41,154000
2266,2.5,5,1,56,91500
2116,1.5,6,2,32,159500
2480,2,7,3,1,194000
2540,1.5,7,1,23,219500
2262,2.5,5,2,17,170000
2192,2,5,1,37,138800
1696,2,6,2,2,155900
1980,1,5,1,13,126000
2516,2.5,6,2,4,145000
2080,2.5,5,1,47,133000
2918,2,7,2,5,192000
2502,2,6,1,42,160000
2189,2.5,6,2,10,187500
1932,2,6,2,18,147000
1638,1.5,4,1,37,83500
3035,2.5,8,3,3,252000
2679,2,7,2,2,137500
2494,2.5,8,2,1,197000
1040,2,3,2,59,92900
1852,3.5,7,2,8,160000
2875,2,6,2,58,136500
2064,2.5,5,2,8,146000
1872,2,5,1,10,129000
2628,2,6,2,1,176432
2039,1.5,6,0,1,127000
2162,1.5,8,2,21,170000
1996,1,4,1,59,128000
2872,2,7,2,31,157000
728,1,2,1,59,60000
1900,1,5,1,36,119500
2144,1,5,1,5,135000
1849,1.5,6,2,47,159500
1932,2.5,5,2,37,106000
4085,3.5,8,2,15,325000
2352,3,7,2,16,179900
2889,2.5,7,2,0,274725
2614,2.5,6,2,7,181000
3672,3,8,3,4,280000
2431,3.5,6,2,12,188000
2767,2.5,7,2,32,205000
1632,2,5,1,49,129900
2016,2,5,1,1,134500
1666,1,5,1,6,117000
3468,3,8,3,0,318000
1827,3.5,8,2,7,184100
1788,2,5,2,5,130000
2134,1.5,5,1,21,140000
2080,1,5,1,47,133700
2024,1,6,1,57,118400
3104,2,7,3,0,212900
1632,1,4,1,53,112000
1396,1.5,5,0,1,118000
1866,2.5,7,2,15,163900
2010,1,4,2,54,115000
2928,2,7,3,2,174000
3060,3,7,3,3,259000
2806,2.5,7,2,2,215000
1872,2,5,2,27,140000
3103,3,4,2,59,135000
1948,1,5,0,15,93500
3218,2,6,1,57,117500
3148,2.5,8,2,14,239500
2516,2.5,6,2,10,169000
1946,1,6,1,57,102000
2284,1,6,1,58,119000
1800,1,5,0,14,94000
3134,3,6,2,32,196000
2082,1,5,2,57,144000
1904,2,5,2,57,139000
2648,3.5,5,2,33,197500
4294,4,8,3,0,424870
2012,1,5,0,49,80000
1596,2,4,1,60,80000
2618,1,5,1,56,149000
2596,3,6,2,21,180000
2268,1.5,7,1,59,174500
1683,1,7,1,58,116900
2132,1.5,7,2,21,143000
1864,1,6,1,57,124000
2932,1.5,5,2,47,149900
2884,1,6,2,2,230000
1632,1,6,1,1,120500
2684,2,7,2,20,201800
2874,3,5,2,3,218000
2484,2.5,5,2,9,179900
2628,3,7,2,1,230000
3160,2,8,3,0,235128
2777,2.5,6,2,34,185000
2311,2.5,6,2,32,146000
2936,2,6,2,2,224000
1788,1,5,2,39,129000
2456,3,4,2,39,108959
2792,2.5,5,2,29,194000
3004,2,7,2,0,233170
3388,2,8,3,2,245350
2630,3.5,6,2,6,173000
3235,2,6,2,22,235000
5557,4.5,10,3,10,625000
2214,2,6,1,31,171000
2522,2,6,2,50,163000
1875,2.5,7,2,1,171900
4684,3,5,0,13,200500
3297,2.5,6,2,56,239000
4555,2.5,8,2,7,285000
1799,2,5,1,23,119500
2042,1,6,1,5,115000
2074,1.5,5,1,59,154900
1124,1,5,0,52,93000
3730,2.5,7,2,15,250000
3252,3.5,8,2,0,392500
6872,4.5,10,3,11,745000
2250,2,5,2,56,120000
3144,2.5,5,3,44,186700
2005,2,5,1,56,104900
2677,3,3,2,39,95000
3248,3,8,3,11,262000
2491,2.5,7,2,7,195000
2798,2.5,7,2,11,189000
2871,2,4,4,32,168000
2217,2.5,8,2,7,174000
2174,1,5,1,13,125000
2448,3,6,2,10,165000
2015,1.5,6,1,41,158000
2184,2.5,6,2,3,176000
2742,2.5,7,3,0,219210
2505,1,7,1,56,144000
2424,2,7,2,8,178000
2433,1.5,4,2,27,148000
1728,1,4,1,36,116050
2645,2.5,7,2,11,197900
2232,2,5,1,12,117000
3260,2,7,2,8,213000
2130,2.5,5,2,31,153500
4354,2,7,3,18,271900
2112,2,4,1,40,107000
3382,3,6,2,3,200000
2214,2,5,2,28,140000
3320,3,8,2,0,290000
2900,2.5,6,2,18,189000
2311,2,8,2,5,164000
1344,2,4,1,59,113000
1608,1.5,4,1,5,145000
1924,2,5,1,44,134500
1788,1,5,1,41,125000
1902,2,6,2,32,112000
2614,3,8,2,0,229456
912,1,4,0,56,80500
1890,1.5,6,0,35,91500
1824,1,5,1,42,115000
2163,1,5,1,40,134000
2886,2,6,1,57,143000
4272,2,5,2,55,137900
2278,3.5,7,2,3,184000
1726,1.5,6,1,49,145000
2827,2.5,6,3,1,214000
1824,2,5,2,0,147000
3404,2.5,9,3,0,367294
2582,2,5,1,48,127000
3981,3,5,2,30,190000
2296,2,5,2,44,132500
1224,2,4,2,45,101800
2376,2,5,2,51,142000
2904,1.5,5,0,58,130000
2531,1.5,5,1,56,138887
2390,2.5,7,2,7,175500
2795,2.5,7,2,1,195000
2282,1.5,6,2,1,142500
2960,2,8,2,1,265900
2652,3.5,7,2,5,224900
3378,2,7,3,0,248328
2226,3,7,2,36,170000
4152,3.5,10,3,0,465000
2309,1,8,2,56,230000
2453,3.5,6,2,4,178000
2309,2.5,7,2,0,186500
2046,2,6,3,34,169900
2793,1.5,6,2,58,129500
1864,1,5,1,57,119000
4220,3.5,7,2,42,244000
2810,2,7,2,3,171750
1738,2,5,1,41,130000
3359,3.5,7,2,4,294000
2402,2.5,7,2,4,165400
2251,1,6,1,57,127500
3973,3,8,2,14,301500
1728,1,5,0,59,99900
2022,3,7,2,3,190000
2108,2.5,6,2,39,151000
2516,2.5,6,2,10,181000
2100,1,5,1,53,128900
2892,2,4,1,20,161500
2588,1,6,2,57,180500
2742,3,6,2,9,181000
2143,3.5,7,2,7,183900
2814,1.5,7,1,57,122000
4020,2,9,3,1,378500
4175,3.5,8,3,11,381000
2398,1.5,5,1,49,144000
2856,2.5,7,2,31,260000
2978,2,6,2,41,185750
1870,2,5,1,41,137000
2376,2,6,1,2,177000
1911,2,5,2,4,139000
2848,2,5,2,57,137000
2118,2,6,2,37,162000
3404,2.5,6,2,33,197900
3159,3.5,8,2,6,237000
1826,1,4,2,60,68400
3146,3,7,2,7,227000
2648,3,7,2,16,180000
2080,2,5,2,1,150500
2736,3,6,0,39,139000
3251,2,6,1,20,169000
2192,1,6,1,59,132500
2656,2.5,6,2,47,143000
3206,2.5,5,2,42,190000
3160,3,8,2,9,278000
3055,2.5,8,3,0,281000
2304,2,5,2,46,180500
1932,2.5,5,1,37,119500
3366,2,5,1,44,107500
2496,2.5,7,2,30,162900
1728,2,5,2,16,115000
2104,2.5,5,1,38,138500
2248,3,5,2,45,155000
1619,3,6,2,0,140000
11752,4.5,10,2,0,160000
2492,2.5,5,1,16,154000
2961,2.5,7,2,10,225000
2265,1,6,1,59,177500
3691,3.5,8,3,12,290000
3232,2,7,3,1,232000
2684,2,7,2,2,130000
3304,3,9,2,2,325000
2736,2,7,2,0,202500
1980,2,5,2,14,138000
2046,2,5,2,3,147000
2572,3,6,2,17,179200
3804,3,7,2,8,335000
2548,3,7,2,0,203000
4263,2.5,8,2,17,302000
3992,2.5,9,3,11,333168
1896,2,4,1,53,119000
3064,2.5,6,2,39,206900
3252,3,8,3,1,295493
2704,2,7,2,0,208900
3540,2,8,3,4,275000
1812,1,4,1,53,111000
2956,2.5,6,2,52,156500
720,1,3,1,58,72500
2673,3.5,7,2,18,190000
1128,1,4,0,59,82500
3590,2,8,3,0,147000
1592,1,4,0,58,55000
1318,1,3,0,1,79000
1632,1.5,5,1,0,130500
4302,2,6,2,58,256000
2567,2.5,7,2,8,176500
3176,2,8,3,1,227000
1865,1,5,2,30,132500
1632,2,4,1,51,100000
2163,1.5,5,1,11,125500
2130,1.5,5,2,39,125000
2684,2.5,6,2,32,167900
3312,2,5,2,35,135000
1386,1,4,0,56,52500
2777,3.5,7,2,4,200000
1728,1,5,1,34,128500
1730,1,4,4,36,123000
2228,2,6,2,4,155000
3453,2.5,8,2,5,228500
2809,1.5,6,2,59,177000
2184,2.5,7,2,1,155835
1920,1,4,1,57,108500
3724,2,7,2,3,262500
3508,3,8,3,0,283463
2976,3,7,2,9,215000
3042,2,8,0,21,122000
3882,4.5,5,4,40,200000
2574,1.5,6,2,46,171000
1874,1,6,2,9,134900
5271,3.5,8,3,14,410000
2857,3.5,7,3,8,235000
2490,3,7,2,14,170000
1756,1,5,1,42,110000
2156,2.5,5,2,2,149900
2329,2.5,6,2,10,177500
3960,3,9,3,1,315000
3213,3.5,5,2,10,189000
3060,3,7,2,4,260000
2453,2,4,1,2,104900
2028,2.5,6,2,0,156932
1800,2.5,7,2,1,144152
2488,3.5,7,2,10,216000
2663,3.5,7,2,9,193000
2232,2,5,1,29,127000
1696,2,6,2,5,144000
3325,3,8,2,7,232000
2214,1,4,1,59,105000
2653,2,6,1,12,165500
3205,3.5,7,2,8,274300
5266,3.5,10,3,5,466500
2984,2.5,7,3,3,250000
3142,2,8,3,0,239000
1558,1,6,1,58,91000
2588,2,5,2,49,117000
1470,1.5,6,1,33,83000
1778,2.5,5,2,1,167500
1728,2,3,1,60,58500
3322,2.5,6,2,38,237500
2358,2.5,7,2,56,157000
2232,2,5,2,0,112000
1818,1,6,1,59,105000
1950,2,4,1,3,125500
4176,4.5,7,2,28,250000
3240,2,6,1,57,136000
3492,3,9,3,2,377500
1953,1.5,6,2,57,131000
3050,3,7,2,6,235000
3168,2,5,3,42,124000
1764,2,5,1,39,123000
2394,2,6,2,8,163000
2856,3,7,3,0,246578
3576,2.5,8,3,1,281213
2434,2,5,2,60,160000
2452,1.5,5,1,3,137500
3112,2.5,5,1,27,138000
2584,2.5,6,1,19,137450
2020,1,6,1,58,120000
2432,3.5,6,2,4,193000
2580,2,7,2,0,193879
2949,3,8,3,0,282922
1886,1,3,3,56,105000
3240,3.5,8,2,3,275000
1536,2,5,2,2,133000
1666,2,5,0,24,112000
1985,1,4,2,60,125500
2884,2.5,7,2,17,215000
2784,3.5,7,2,8,230000
2524,1.5,6,1,4,140000
1040,2,4,2,59,90000
3688,3,8,2,3,257000
2681,1.5,6,2,8,207000
2955,2.5,7,3,2,175900
3067,2,4,2,60,122500
3734,3.5,8,3,11,340000
2288,2.5,5,1,45,124000
3688,3,6,2,37,223000
2124,2.5,6,2,38,179900
2138,2,6,2,33,127500
1696,2,6,2,5,136500
2898,2,6,2,40,274970
2368,2,5,1,24,144000
2504,1,6,2,49,142000
3350,3.5,7,2,14,271000
2471,2.5,5,1,58,140000
1592,2,5,1,18,119000
2880,2,6,2,26,182900
2570,2.5,5,2,1,192140
1916,2,6,2,33,143750
1624,2,4,1,0,64500
2728,3.5,6,2,8,186500
2252,3,5,2,29,160000
2856,2.5,6,2,3,174000
1728,1,4,2,36,120500
3864,3,8,3,0,394617
2148,2,6,2,14,149700
2264,2.5,7,2,28,197000
3143,2,6,2,14,191000
1696,2,6,2,4,149300
3024,3.5,10,3,1,310000
1904,1,6,1,59,121000
2844,2,7,2,3,179600
1727,2,6,1,41,129000
2376,1,5,1,48,157900
3310,3.5,8,2,11,240000
1906,1.5,4,1,7,112000
1260,2,5,0,36,92000
2688,3,5,0,35,136000
3151,2,8,3,0,287090
1619,2,5,2,1,145000
2280,1,5,0,0,84500
2442,3,7,2,4,185000
2600,2.5,6,2,7,175000
3615,3,6,2,22,210000
3492,2,7,1,4,266500
2156,2,5,1,14,142125
2512,2.5,5,1,43,147500
1778,1,5,1,49,
2658,1.5,6,1,52,
2557,2.5,5,2,12,
2530,2.5,6,2,12,
2560,2,8,2,18,
2418,2.5,6,2,16,
2355,3,6,2,3,
2254,2.5,6,2,12,
2641,2.5,7,2,20,
1764,2,4,2,40,
2742,3,7,2,11,
1470,1.5,6,1,39,
1617,1.5,5,1,39,
2311,2.5,6,2,35,
1672,1,7,1,35,
3924,2.5,9,3,0,
3088,2,8,3,0,
3396,2,9,3,5,
3644,2,8,3,4,
5542,3.5,9,3,6,
3921,3.5,8,3,8,
2740,2,8,2,4,
2648,2,6,2,5,
2290,2,7,2,4,
1758,3.5,7,2,6,
2580,2.5,7,2,6,
4104,2.5,8,3,12,
3190,2,8,3,4,
2436,2,7,2,0,
2936,3,6,2,5,
2490,2.5,7,2,6,
1828,1,5,1,60,
2702,3,6,2,8,
3580,3.5,8,3,17,
3615,3.5,8,3,17,
2976,3,7,2,5,
2520,2.5,7,2,6,
1800,2.5,7,2,6,
1800,3.5,7,2,5,
1836,3.5,6,2,5,
2268,3.5,6,2,10,
1610,2.5,7,2,7,
3060,2.5,8,3,0,
2823,3.5,8,2,10,
2984,3,7,2,8,
3658,3,6,2,43,
3775,3.5,6,2,17,
3115,3.5,6,2,32,
2360,2,6,2,39,
2464,2.5,5,2,44,
2418,2,5,2,44,
3020,3,5,2,43,
2308,2,6,2,46,
3456,4,5,0,9,
3601,2,5,2,8,
2338,2,6,2,60,
2208,2,6,1,2,
3208,2,5,2,52,
2960,3,7,2,1,
2286,2,5,1,51,
2412,1,5,1,51,
2824,2.5,6,2,51,
2169,1,4,1,54,
1928,1.5,5,1,58,
1944,1,5,1,55,
1976,2,5,1,52,
1561,1.5,4,2,16,
2040,2,6,1,6,
2350,1.5,5,2,50,
2790,2,6,2,26,
2553,2,4,1,56,
1872,2,5,0,60,
2694,2.5,5,2,53,
2078,1,6,1,10,
2660,1,5,1,1,
2253,1,5,1,48,
1510,1,2,2,40,
2496,2,8,1,7,
2614,3,8,2,8,
3096,2,5,0,60,
2208,1.5,6,2,16,
2600,1.5,5,1,13,
3176,1.5,7,1,5,
1530,2,4,1,60,
1740,2,6,1,60,
1768,2,6,2,60,
2288,1.5,5,1,60,
2196,1.5,6,1,60,
1568,1,5,2,30,
2464,2,5,2,60,
2192,2,6,1,60,
2850,1.5,4,2,60,
2340,1.5,6,0,1,
1986,1.5,6,1,17,
3097,2,5,1,51,
1913,1.5,5,1,60,
2604,2,5,0,60,
1519,1,6,1,60,
2591,1.5,4,0,60,
2536,3,5,2,60,
3664,4,4,0,43,
1756,2,5,1,2,
1728,2,5,1,42,
2692,2,5,2,32,
2160,1.5,5,2,42,
2903,2.5,7,2,9,
1416,1,4,2,60,
3098,3.5,6,2,18,
2582,2.5,3,1,20,
1737,2,6,1,23,
2287,1,4,1,31,
2344,2,5,1,12,
3016,2,7,2,0,
2548,2,5,2,46,
2866,2.5,7,2,23,
2748,3,6,4,17,
2444,2,7,2,0,
2121,2,6,2,17,
1835,2,5,2,14,
2570,2.5,7,2,12,
2052,2.5,5,1,6,
1752,2,5,2,38,
3956,3.5,8,3,7,
3138,2.5,7,2,13,
1696,2,6,2,7,
640,1,3,1,3,
1373,1,5,1,56,
2392,2,5,1,42,
1864,1,4,2,60,
2104,2,6,1,35,
1920,1,4,0,52,
2403,2,5,1,11,
1712,2,6,2,60,
2650,3,4,0,43,
2560,2,5,0,60,
3661,2.5,7,1,25,
3209,2.5,5,2,19,
2075,3.5,7,2,3,
2016,2,8,2,21,
2382,2,8,2,21,
1020,1,2,1,60,
1736,1,6,1,35,
1708,1,4,1,60,
3240,3.5,8,2,5,
2965,3.5,8,3,11,
2528,2.5,6,2,33,
4006,3,6,2,34,
2682,3,7,3,2,
2428,2,7,2,0,
1828,2.5,5,2,3,
2332,2,5,2,33,
2860,2,5,2,5,
2688,2,5,2,11,
1890,2.5,5,1,37,
1638,1.5,4,0,40,
1638,1.5,4,0,40,
1638,1.5,4,1,38,
1738,1,5,1,6,
1666,2,5,2,26,
3648,5,5,2,24,
1898,1.5,5,2,19,
2343,2,5,1,41,
3482,4,8,2,15,
2949,3.5,6,2,16,
1764,1,6,1,53,
2868,3,6,2,35,
2553,2.5,6,2,12,
3291,2.5,8,3,6,
2012,2.5,7,2,12,
4730,3,8,2,4,
2896,3,8,2,11,
3321,3,8,2,13,
1766,2.5,7,2,11,
2588,3.5,6,2,10,
2223,3.5,6,2,14,
2371,2,6,2,16,
3056,3.5,5,2,32,
2882,2.5,7,2,31,
3098,2,6,2,23,
3716,2.5,7,2,18,
2847,2,6,2,11,
2810,3.5,7,2,6,
2932,2.5,8,2,8,
2783,2.5,8,2,7,
3242,3,5,2,34,
2232,3,6,2,35,
2369,2,7,2,34,
2360,1.5,5,2,39,
2093,2.5,5,1,38,
1728,2,4,2,39,
1728,1,4,2,3,
1470,2.5,6,1,36,
1470,2.5,6,1,37,
2352,2.5,6,2,33,
2112,2.5,7,2,34,
2311,2.5,6,2,32,
2352,3,6,2,31,
2311,2.5,6,2,31,
1672,1.5,7,1,33,
1984,1.5,5,2,5,
4548,4.5,9,3,2,
4055,3.5,9,3,0,
4040,3,9,3,1,
5304,4.5,10,3,2,
3472,2,9,3,1,
3564,3,8,3,4,
4028,3.5,8,3,2,
3482,3,9,3,1,
3035,3,9,3,3,
3582,3,9,3,1,
3520,3,7,2,5,
4904,4,9,3,6,
3482,3.5,8,3,5,
3204,2,8,3,3,
2716,2,6,2,4,
2612,3,6,2,4,
2708,3,7,2,1,
4984,3.5,10,3,4,
4400,3.5,8,3,5,
3768,3,9,2,0,
2907,2,9,2,1,
3424,3,8,3,6,
2810,2,7,2,6,
2184,2.5,7,2,4,
2235,2.5,6,2,3,
2440,2,7,2,3,
1758,2.5,7,2,4,
2498,2.5,7,2,4,
2440,2.5,7,2,5,
2271,3.5,7,2,6,
2040,3.5,7,2,6,
2874,3.5,8,3,7,
1758,2.5,7,2,5,
2308,3.5,6,2,9,
1814,2.5,7,2,9,
3489,3.5,7,3,10,
1814,2.5,7,2,10,
4142,3.5,8,3,9,
4087,3,8,3,14,
3131,3.5,7,2,13,
3405,3.5,8,2,15,
3392,2,8,3,1,
3272,2.5,8,3,1,
3404,3,8,3,2,
2854,2,8,2,3,
4948,3,9,3,3,
2872,2,7,2,0,
2804,2,7,2,1,
3060,2,9,3,1,
2820,2,8,2,2,
2695,3.5,8,3,3,
3672,2,8,2,0,
3314,3,7,3,2,
3106,3,7,2,5,
2465,3.5,7,2,6,
2436,1.5,7,2,2,
2282,2.5,7,2,3,
2316,1.5,6,0,5,
2647,2.5,7,2,5,
3024,2,8,3,5,
2228,1.5,7,2,4,
2228,1.5,5,0,5,
2228,3,5,2,5,
2900,2,7,3,0,
3035,3.5,7,2,12,
2546,2.5,6,2,17,
2664,2,6,2,18,
2294,3.5,7,2,15,
2076,2.5,6,2,23,
1882,2,6,2,28,
1960,2,5,2,47,
1728,2,5,2,48,
1728,1,5,1,48,
2044,2,5,1,44,
1824,2,5,1,14,
1824,1.5,5,1,47,
4028,3,8,3,29,
2730,3,7,2,1,
4381,2.5,7,3,4,
3452,2.5,6,2,1,
2401,2.5,6,2,1,
2268,3.5,6,2,9,
2143,3.5,7,2,10,
3388,3,8,2,1,
3480,1.5,7,2,28,
2891,2.5,8,2,33,
2819,2.5,7,2,35,
3572,2.5,6,2,12,
2624,2.5,5,2,40,
2432,2,6,1,40,
3196,2,7,2,17,
1728,1.5,5,1,42,
3136,1.5,5,2,42,
3226,3,7,2,35,
2552,2.5,6,2,38,
1788,2,4,2,49,
1728,1,5,1,50,
2402,2,4,3,52,
2776,3,5,2,53,
2626,2.5,5,2,14,
2584,2.5,5,2,45,
2884,2.5,5,2,44,
2784,2,6,2,48,
1920,2,5,1,54,
3371,2,6,2,42,
2906,3,6,2,48,
3129,3,6,2,1,
2313,2,5,1,53,
2658,1.5,7,2,49,
1976,3,6,1,11,
2404,1.5,5,1,53,
2764,1.5,5,1,54,
2400,2,4,1,53,
3732,2,5,2,51,
2124,2,6,1,55,
1743,1,5,2,58,
1586,2,5,1,59,
2062,2,5,1,4,
1210,1.5,5,1,56,
2226,2.5,7,2,10,
2400,1,5,1,59,
1584,1,3,1,51,
2028,2.5,5,2,3,
1444,1,4,1,6,
2132,1,5,1,59,
3690,2,4,2,59,
2250,2,7,2,1,
1015,2,2,0,59,
1566,1,5,2,59,
1355,1.5,3,1,11,
3792,3,6,3,40,
2760,1.5,6,1,46,
2080,2,6,2,42,
1902,2,6,2,2,
2210,1,6,1,52,
1302,1,6,1,51,
1928,1,6,2,59,
2082,1,5,1,51,
1464,2,5,1,57,
1711,2,5,1,50,
2293,2,4,1,13,
2359,1,6,2,15,
2586,1.5,6,2,45,
1882,2,5,2,31,
2090,2,6,1,46,
2279,1,6,1,11,
2916,3,6,2,59,
1546,1.5,5,2,6,
1968,2,5,0,7,
2248,1.5,5,2,59,
2301,2,4,0,59,
2248,1,5,0,59,
2096,1.5,5,1,39,
1722,1,4,2,59,
612,1,2,1,59,
1416,1,5,1,59,
2187,2,4,2,59,
2924,2,6,1,59,
1912,2,6,1,2,
1440,1,4,0,59,
2452,1,6,1,59,
2262,1,6,3,7,
1042,1,3,0,59,
2454,1,6,1,59,
1951,2,5,1,27,
1610,1,5,1,59,
1955,1,5,1,10,
2534,2,5,1,59,
2144,2,5,5,59,
2816,2,6,2,59,
2616,2,7,1,15,
3168,2,5,0,59,
2650,3,6,1,59,
1910,1,6,1,7,
2884,2.5,7,0,9,
2870,1,6,1,59,
1750,2,4,0,59,
2101,2.5,6,1,44,
1264,1.5,4,1,8,
2400,6,5,0,21,
2304,4,5,1,31,
1697,3,5,1,59,
2104,1.5,5,1,42,
1490,1.5,6,2,31,
2326,2,5,1,48,
2276,1.5,6,2,49,
2896,2,5,1,53,
660,1,2,0,59,
1383,1,4,2,55,
2146,2,5,1,53,
2386,1.5,6,1,59,
2178,2,5,1,55,
2098,3,5,1,25,
2115,2.5,7,2,18,
1858,1.5,6,2,26,
2958,3.5,7,2,15,
2016,1,5,2,2,
2228,2,5,2,30,
1535,2,5,2,30,
2323,3,5,2,30,
1513,2,5,2,30,
3955,7,7,4,9,
3955,7,7,4,9,
3955,7,7,4,9,
3235,2.5,9,3,0,
3440,3,9,3,1,
2936,2,8,3,1,
3676,3,8,2,1,
2572,3,7,2,2,
2508,3,8,3,1,
2996,2,8,3,3,
2126,2.5,6,2,3,
3208,3.5,7,2,16,
1980,2,5,1,15,
2926,3,7,2,11,
2700,3.5,6,2,11,
2875,3,7,2,8,
2984,2,7,2,8,
1814,1,5,1,31,
1828,2,5,2,30,
3180,3,7,3,7,
3252,2.5,8,2,6,
2565,2.5,7,2,7,
2814,2.5,7,2,8,
2975,3,8,2,9,
3650,3,8,2,6,
2834,3,7,2,11,
3180,3,8,3,2,
2004,2.5,6,2,2,
2163,2,4,1,38,
1619,2,6,2,3,
1752,1,4,1,50,
2446,2,5,1,59,
3356,2,5,0,50,
2710,1,5,1,53,
2018,1,5,1,59,
2100,1.5,5,1,59,
1825,1.5,6,1,59,
2048,1,6,2,9,
1828,1,7,1,19,
2407,2.5,5,2,59,
2546,1,5,1,49,
3400,2.5,7,2,59,
2224,2,5,1,55,
3122,3,6,2,49,
2590,3,5,1,4,
3216,2.5,6,2,55,
1548,1,6,2,29,
1790,2.5,6,2,17,
1790,1.5,6,2,29,
2554,3.5,6,2,23,
4168,3,7,2,0,
2928,2,5,2,16,
1144,1,4,1,59,
3244,3.5,8,2,1,
810,1,2,1,59,
3159,2.5,8,3,8,
1828,2,6,1,32,
2244,2.5,6,2,32,
3177,3,5,2,18,
4226,3,9,3,1,
3282,3,9,3,1,
2949,2.5,6,2,3,
3124,4.5,7,2,20,
2926,2.5,7,2,6,
3956,3,9,3,2,
2016,1,5,1,41,
2592,2,5,2,9,
1592,1.5,5,1,37,
1475,1.5,6,1,13,
1711,2,5,2,16,
1911,1.5,5,2,17,
2416,1.5,5,2,40,
2530,2.5,6,2,10,
2150,2.5,6,2,12,
2530,2.5,6,2,10,
2552,2.5,6,2,12,
2732,3,5,2,11,
3346,2.5,8,2,11,
2560,2,8,2,16,
2565,2.5,6,2,10,
2545,3.5,6,2,17,
2674,3,8,2,19,
3668,3.5,8,3,3,
3768,3,9,3,4,
3106,1,6,2,56,
3420,3,9,2,1,
2976,2.5,6,2,58,
3363,3,7,2,20,
2520,3,7,2,25,
4112,3,7,2,30,
3564,2.5,7,2,29,
2422,3,6,2,32,
2782,2.5,7,2,20,
2028,1.5,5,2,39,
4260,3,7,4,30,
2888,2,6,2,32,
3576,3.5,8,3,12,
2688,3,5,2,34,
1872,1,4,1,39,
1728,2,5,2,37,
1470,2,6,1,35,
1470,1.5,6,1,36,
1932,2.5,5,1,36,
2311,2.5,6,2,33,
2110,2,7,2,31,
3164,3,8,3,1,
4882,3.5,8,3,1,
3900,3,9,3,1,
4598,3.5,9,3,2,
4410,3.5,10,4,2,
3745,3.5,9,3,3,
3036,2.5,8,3,1,
3480,3.5,8,3,4,
5005,3.5,10,3,5,
3178,3,8,3,4,
4128,3.5,8,3,6,
4455,2.5,8,3,5,
3724,3,9,3,0,
2734,2,7,2,3,
3600,3,9,3,0,
2684,3,8,2,1,
2684,2,8,2,1,
2390,2.5,7,2,4,
2870,3,7,3,5,
2969,3,7,3,4,
2392,2,7,2,0,
2304,2.5,6,2,4,
2560,2.5,7,2,5,
2833,2.5,7,2,5,
2708,3,7,2,0,
2874,2.5,7,2,7,
2121,2.5,7,2,6,
3359,2.5,7,2,8,
2482,2.5,7,2,9,
3372,2.5,8,2,11,
3691,2.5,9,3,8,
3988,3,8,3,10,
3189,3.5,7,2,11,
3743,2.5,8,3,13,
3277,3.5,7,3,14,
3156,3,7,3,2,
3202,3,8,3,1,
2829,3.5,8,3,0,
2920,2,8,2,1,
2735,2,8,2,0,
3320,2,8,3,1,
2436,3,7,2,0,
2531,3.5,6,2,5,
2498,2.5,7,2,4,
2350,2,6,0,2,
2324,2,7,2,1,
2363,2.5,6,2,13,
2566,3,6,2,14,
2489,2.5,7,2,13,
2504,3.5,6,2,7,
2573,3,7,2,16,
1968,2,5,1,45,
1728,2,5,1,1,
1780,2,5,1,40,
1728,1,5,1,45,
2860,2.5,6,2,34,
2642,2,5,2,36,
3613,3.5,6,2,17,
4634,3.5,9,2,14,
2480,2,7,2,3,
1800,3.5,6,2,3,
2081,2,7,2,1,
2293,3.5,6,2,9,
3252,3,9,2,8,
2620,2.5,9,2,7,
2838,2.5,9,2,7,
3114,3,9,2,8,
2076,3.5,7,2,8,
2647,3.5,7,2,7,
2546,3.5,8,2,9,
2567,3.5,8,2,8,
3363,3.5,10,2,9,
2469,2.5,8,2,13,
3938,3,9,3,31,
3097,4,8,2,1,
2764,2.5,7,2,6,
2854,2.5,6,2,39,
3480,1.5,6,2,40,
3240,2,7,2,41,
3250,2,5,2,43,
2196,1.5,5,2,40,
1837,2,5,2,3,
3456,2,5,2,43,
2495,1.5,7,2,37,
1014,1,5,1,52,
2228,2,5,2,47,
2236,2,5,1,8,
1254,1,4,1,58,
2792,2,5,2,48,
1909,2,5,1,2,
2072,1,5,1,55,
3092,2.5,6,2,9,
2352,2,5,1,51,
2688,3,5,1,10,
2965,2,6,2,50,
2208,2,5,1,50,
1602,2,5,1,56,
2304,1.5,5,2,55,
1934,1,5,2,55,
2788,2,6,2,51,
1764,2.5,5,1,26,
3648,2,5,2,51,
869,1,4,1,58,
1906,1,5,1,58,
1344,1,4,1,3,
2328,1.5,5,4,58,
1956,2,5,2,40,
2624,1.5,7,2,7,
2162,2,6,1,15,
1752,1,5,2,57,
2512,2.5,5,1,49,
2054,1.5,5,1,46,
2088,2,6,2,58,
1920,2,6,1,54,
2132,1,6,1,54,
3600,2,5,0,47,
2356,1.5,5,2,41,
1650,1.5,5,1,54,
2234,1,5,1,45,
1325,2,6,1,0,
2103,1,5,2,3,
2040,1,5,1,5,
1344,1,5,1,58,
2184,1.5,6,1,3,
2422,2,4,0,12,
2457,2,4,2,23,
2676,1,5,1,58,
1958,1.5,7,0,2,
2320,2,6,2,58,
1380,1,5,1,58,
1764,1,5,0,12,
2403,1,5,3,58,
814,1,2,1,58,
2036,2,3,0,16,
2424,2,5,2,2,
2074,1,7,1,43,
1363,1,5,1,5,
3323,2,5,2,48,
2112,1.5,5,0,3,
1809,1,2,2,58,
3808,2,7,2,9,
1968,2,5,1,49,
1962,1,4,1,2,
2151,1,5,1,25,
2340,1.5,7,1,58,
2762,2,5,1,58,
1882,1,5,1,2,
1844,1.5,6,1,8,
2653,1.5,6,1,19,
1898,1,5,2,5,
2322,2,6,1,8,
2081,2,6,1,58,
2005,1,6,1,58,
1781,2,5,1,11,
NA,NA,4,1,58,
1840,1.5,4,1,58,
808,1,5,1,13,
2998,2,7,2,58,
3002,2,5,2,58,
2526,2,6,2,4,
3226,2,6,1,25,
2405,1,6,1,58,
1536,1,6,2,58,
2304,1.5,6,1,56,
3241,2,6,2,50,
2188,2,5,2,30,
2080,1,6,2,16,
2004,3,6,1,58,
1210,1,5,2,17,
1880,2,3,0,58,
2100,1,5,1,15,
2056,2,5,2,45,
2104,2,6,2,30,
1984,2,5,1,3,
1484,1.5,6,2,30,
2146,1,5,1,41,
2186,2,5,2,24,
2440,2,5,2,58,
1920,2,5,1,5,
2176,2,6,2,52,
2709,3,5,2,48,
1926,2.5,5,3,35,
1768,1,5,3,38,
3048,3,7,2,29,
1649,1,7,1,58,
3098,2,5,0,1,
3018,2,5,1,52,
1728,2,5,0,33,
1890,1.5,6,1,7,
3891,3,6,2,6,
3228,3.5,7,2,14,
3012,2.5,7,2,14,
2709,2.5,7,2,12,
1984,2.5,7,2,1,
3230,2,8,3,1,
4547,3,9,3,0,
3517,3.5,9,3,0,
2912,3,8,3,13,
2825,3,6,2,42,
1980,2,5,2,14,
2836,3,7,2,10,
2635,3.5,6,2,11,
2434,2.5,7,2,8,
2751,3.5,7,2,7,
2038,2,5,2,30,
2152,1.5,5,2,33,
2422,3,5,2,7,
3418,2.5,7,2,7,
3304,3.5,9,3,6,
3564,3,8,3,5,
3456,2.5,7,2,5,
2614,2.5,8,2,8,
1696,2,6,2,4,
3676,4,6,3,10,
2890,2,7,2,4,
3128,2,7,3,1,
2712,2,7,2,1,
2184,1,5,1,42,
1489,1.5,5,2,32,
2254,2,6,2,32,
2146,2,6,2,31,
2082,1.5,6,2,7,
3820,NA,5,2,12,
1152,2,4,0,53,
1152,2,4,0,53,
1568,2,4,0,53,
1638,1.5,5,0,1,
1137,1.5,5,0,15,
1841,1,4,1,55,
1620,1,4,1,54,
2241,1.5,4,1,0,
2652,2,7,1,58,
2880,5,6,2,58,
1960,2,6,1,58,
1940,1,6,2,13,
2310,3,8,1,11,
2387,1,6,2,58,
2880,2,5,1,13,
2258,1,5,1,58,
2182,1.5,6,1,57,
2481,1.5,8,2,58,
2993,3.5,7,2,8,
3796,2.5,5,2,52,
1548,1,6,2,28,
1813,2,6,1,10,
1810,1,6,1,2,
1980,1,5,0,58,
2280,1.5,5,1,41,
1432,1,5,1,13,
3106,2,5,1,50,
733,1,1,2,56,
1534,1,4,1,58,
1405,1,4,1,8,
1456,1.5,4,1,58,
3244,3.5,8,2,0,
3240,3.5,7,2,3,
3872,4,7,3,11,
2730,2.5,7,3,11,
1872,3,5,2,32,
3369,3,4,2,17,
2778,3,7,2,22,
3055,3,8,3,1,
2700,3.5,8,2,1,
1794,2.5,5,2,1,
2408,2.5,7,3,0,
2990,2,6,2,19,
2512,2,6,2,22,
2872,3,8,2,5,
3341,3,6,2,8,
3612,3,8,2,1,
3928,3.5,8,3,2,
2688,4,7,4,10,
2184,1,5,0,0,
2378,3,6,2,11,
2400,2,4,3,44,
2080,1,5,2,33,
2025,2,5,1,32,
1514,2,4,1,2,
1450,2,4,1,35,
2273,2,5,1,40,
1638,2.5,6,0,1,
1632,1.5,5,1,25,
1690,1,5,1,3,
1753,1,5,2,24,
2522,2,5,1,58,
3174,2,6,2,36,
1768,2.5,6,2,10,
2086,2.5,6,2,13,
2637,3.5,6,2,7,
2244,2.5,7,2,11,
3237,3.5,6,2,4,
2355,2,7,2,14,
2545,2.5,6,2,13,
2430,2,6,2,43,
2345,3,8,2,19,
2633,2,8,2,17,
3690,4.5,8,3,2,
4998,3.5,9,3,0,
2524,2.5,5,3,17,
3224,3,9,2,1,
4454,2.5,8,2,1,
3784,3,10,3,0,
2568,3,6,2,23,
2204,2.5,7,2,4,
3193,3,7,2,22,
2710,3.5,7,2,28,
2330,2,6,2,23,
2612,3,6,2,8,
2845,2.5,6,2,36,
2552,2.5,7,2,31,
2961,3.5,6,2,33,
2347,2,5,2,17,
1828,1,5,1,5,
1828,1,4,1,46,
2674,2,6,2,6,
2742,3,6,2,9,
1617,1.5,6,1,34,
1890,1.5,6,1,34,
2116,2,7,1,29,
1976,2,5,1,41,
3606,3,9,3,0,
3388,2,8,3,0,
4230,3.5,8,3,0,
4590,3.5,9,3,0,
3658,2.5,8,3,0,
4040,3.5,10,3,1,
5104,3,9,3,0,
4462,2.5,9,3,1,
4610,4.5,10,3,0,
3734,2.5,8,2,-1,
3018,3.5,8,3,0,
3604,2.5,9,3,1,
4662,2.5,8,3,3,
3702,3.5,8,3,4,
2713,3.5,8,3,0,
3228,3,7,3,1,
3442,3,8,2,2,
3126,2.5,8,3,0,
2604,2.5,6,2,1,
2604,2.5,6,2,1,
2724,3,6,2,1,
3108,2,8,2,1,
3154,3,9,2,2,
2648,2,8,2,1,
2810,3,7,2,4,
2264,3,6,2,0,
2304,2.5,6,2,1,
2066,2,7,2,0,
2233,2.5,6,2,1,
2444,3.5,6,3,0,
2652,3,6,2,2,
2256,2.5,6,2,0,
2184,2.5,7,2,0,
2504,2,7,2,0,
2995,3,8,3,4,
2532,2,7,2,0,
1954,3,7,2,2,
1758,3.5,7,2,3,
3035,2.5,7,2,1,
1778,2.5,7,2,4,
2795,2.5,7,2,4,
2849,2.5,7,2,5,
2605,3.5,6,2,7,
2585,2.5,6,2,7,
4330,3.5,8,3,9,
4486,3.5,9,3,9,
3971,3.5,8,3,8,
3451,2.5,7,3,9,
3307,3.5,8,2,14,
3863,2.5,8,3,10,
2738,2,7,2,0,
3084,3,8,3,0,
3058,2,8,2,1,
3932,3,10,3,0,
3056,4,7,2,0,
3076,3,8,2,2,
3000,3,7,2,1,
2959,2.5,7,3,1,
3132,2.5,8,3,1,
2676,2,8,2,0,
2670,2,7,2,0,
2688,2.5,8,2,0,
2313,3,5,2,0,
2835,3.5,8,3,0,
3158,2,8,2,0,
3370,2,8,3,1,
3601,2.5,6,3,3,
2200,1.5,6,0,0,
2286,1.5,7,0,1,
2188,2,5,2,3,
2947,2,7,2,1,
2684,2.5,6,2,10,
1896,1.5,6,1,27,
1788,2,5,1,30,
2080,2.5,5,2,39,
3726,3.5,7,2,17,
2074,2,5,2,33,
2099,2,6,2,1,
2756,3,8,2,3,
2292,3,8,2,0,
3076,3,8,2,0,
2704,3,7,2,0,
3100,2.5,8,2,0,
2245,3.5,6,2,8,
2329,2.5,6,2,7,
2697,2,7,2,7,
3102,3.5,8,2,3,
3582,3.5,8,2,9,
2988,2.5,8,2,12,
4364,3.5,7,2,27,
4958,3,8,2,26,
2064,2.5,6,2,39,
3419,3.5,6,2,37,
2055,2,6,2,38,
2590,2.5,6,2,39,
2734,2,7,2,20,
3188,2,7,2,14,
3223,3.5,7,2,14,
2186,3,6,2,41,
2104,2,6,1,44,
2056,2,5,1,14,
1224,2,4,3,43,
1968,1,5,2,51,
2051,2,5,2,46,
1928,1,5,2,46,
1788,1,5,1,47,
2374,2.5,7,2,41,
2084,2,6,2,42,
2999,2.5,6,2,10,
2504,1.5,6,1,43,
3244,2.5,6,2,16,
1730,1,5,2,11,
1332,1.5,3,0,57,
1040,2,3,0,57,
1616,1,5,1,7,
2228,2,5,1,52,
3120,2,5,3,39,
2073,2.5,5,2,41,
2472,2,6,2,46,
1872,2,6,1,8,
2016,2,5,1,51,
2106,2,5,2,44,
2288,1,5,1,47,
3052,1,6,2,38,
1844,2,5,1,50,
2615,1,5,1,32,
2432,2,5,1,52,
2018,1.5,5,1,1,
3120,2,5,2,49,
1896,1,6,2,55,
2080,1.5,6,1,54,
1850,2,5,1,4,
2730,2,4,1,52,
1848,2,5,1,52,
2752,2,4,1,54,
1848,1,5,1,55,
2469,2,4,0,1,
2944,2,5,1,3,
3752,3.5,5,3,0,
2432,3,4,2,14,
2270,1.5,5,0,8,
2376,2.5,7,1,8,
1808,1.5,5,1,46,
1904,2,6,1,39,
2102,1.5,5,1,57,
2080,2,5,1,4,
2340,1.5,5,1,49,
2484,2.5,5,1,47,
2754,2,5,1,47,
925,1,5,1,46,
1728,1,5,1,45,
1832,2,5,1,45,
1810,1,5,2,27,
2141,1,6,2,57,
2044,2,5,1,57,
1934,1,5,1,17,
1880,1,5,2,57,
1854,1,5,2,1,
1711,1,4,1,57,
2873,2.5,4,2,57,
2497,2.5,8,2,8,
2370,2,6,1,57,
1848,1,5,2,57,
2576,2,6,2,17,
2045,1.5,5,1,2,
3273,2,7,2,20,
968,1,4,1,51,
1382,2,4,1,5,
1816,2,5,1,13,
2345,2,5,1,57,
2002,2,5,1,9,
1832,1.5,6,1,57,
1768,1,5,1,57,
2270,2.5,6,2,57,
1994,2,5,1,55,
2392,1,5,1,15,
2037,2,5,2,57,
3364,2.5,6,1,12,
2144,1,6,2,57,
2066,1,5,2,57,
2016,2.5,7,2,17,
1765,2,5,1,57,
2183,1,5,1,57,
3035,3,6,2,44,
2928,1.5,7,1,2,
3318,1.5,6,2,57,
2123,3,4,2,49,
2255,2,4,1,57,
3272,2.5,7,2,27,
1954,2,5,1,28,
1924,2,5,1,44,
2872,2,5,2,27,
2010,2,4,2,43,
2000,2.5,5,2,6,
2080,2,5,1,41,
1636,2,5,2,17,
1773,1,5,1,39,
1886,2,5,2,40,
1824,2,5,1,41,
2615,2,5,1,9,
3325,3,5,2,11,
1982,1.5,7,1,9,
2266,1,6,2,12,
2334,2,5,1,9,
998,1,4,2,57,
2712,2,6,2,23,
1734,2,5,2,2,
2703,2,5,2,54,
1726,1,4,1,57,
3710,3,6,2,13,
2614,1.5,6,1,53,
1728,1.5,5,1,49,
943,1,4,1,13,
2076,2,5,1,23,
2684,2,5,1,56,
2560,2,5,1,13,
2313,2,4,1,57,
2927,2,6,2,23,
2737,3.5,7,2,6,
3294,2,8,3,0,
4280,2.5,8,3,0,
3294,2,8,3,0,
3092,2,7,3,1,
2989,2,8,2,1,
2540,2,7,2,1,
2674,2.5,7,2,1,
2802,3.5,7,2,19,
2709,2.5,8,2,31,
2044,1.5,5,2,13,
1943,3.5,6,2,1,
1980,2,5,1,13,
2194,2.5,5,1,11,
2861,2.5,7,2,8,
2606,3.5,7,2,8,
2535,2.5,7,2,6,
2827,3.5,7,2,7,
1758,1,5,2,33,
2040,2,5,2,31,
2004,2,5,2,30,
2080,1.5,5,2,30,
1783,2,5,1,30,
1743,1,5,2,32,
1728,2,5,2,7,
1260,1,4,2,1,
3346,3,7,2,7,
2911,3.5,7,2,4,
2589,2.5,7,2,5,
3148,2,8,2,12,
3970,3.5,8,2,6,
2852,3.5,7,2,5,
2682,2.5,8,2,7,
2214,2.5,7,2,0,
2359,3,7,2,2,
2660,2,6,2,0,
2229,2.5,7,2,1,
2304,2.5,5,2,2,
1872,2,5,1,40,
2176,1,4,2,44,
2252,2,5,2,57,
2358,1,6,2,47,
2004,2,6,2,31,
2233,2.5,5,2,28,
2142,3.5,5,2,1,
10190,4,10,3,-2,
1619,2,6,2,2,
1920,2,5,1,7,
1152,2,4,0,52,
2390,2,5,0,57,
1525,2,6,1,12,
1536,1,4,1,52,
1728,2,4,2,52,
3888,4,5,0,57,
2712,1,5,1,57,
1949,2,6,1,2,
1629,2,7,1,12,
2021,1,6,1,57,
2147,1,6,1,16,
2569,2.5,7,2,15,
1226,1.5,5,2,56,
2685,2,4,1,4,
2083,2,5,2,57,
3120,1.5,6,2,47,
2976,2.5,6,2,39,
1561,1,6,2,27,
3360,2,4,2,11,
2024,2,8,2,19,
3392,2,7,2,36,
3005,2.5,8,2,21,
1935,1,6,2,57,
2537,2,5,0,4,
2687,2,5,NA,8,
1632,1,5,1,57,
845,1,2,1,57,
2948,2,5,0,1,
2146,2,4,2,27,
1838,1,5,1,0,
3198,3.5,8,2,0,
2300,3,6,2,28,
2833,2,5,3,5,
2818,2.5,7,2,5,
2932,3,7,2,15,
1770,1.5,7,1,32,
1996,2,6,2,33,
3002,3,7,2,20,
2864,2.5,6,2,12,
3378,2,7,2,0,
3110,2,8,2,0,
2505,2.5,7,2,22,
2579,2,8,2,6,
3844,3,8,3,5,
2982,2,6,2,11,
3608,4.5,7,2,3,
3648,2,10,3,0,
2034,1,3,4,54,
1856,2.5,6,2,10,
1638,1.5,4,1,35,
1522,2,4,1,37,
1638,1.5,4,0,37,
1638,1.5,4,1,31,
1931,2,5,2,30,
2600,4,6,2,30,
2836,2.5,5,2,13,
2148,2.5,5,2,30,
1592,1.5,5,0,36,
3004,1,4,1,46,
2268,2.5,5,2,4,
1632,2,5,1,24,
1751,1.5,5,1,23,
2471,3,6,2,52,
2032,2,6,1,50,
3414,1.5,5,3,49,
3095,2.5,6,2,49,
3702,2,7,2,37,
2338,3.5,6,2,8,
2452,2.5,6,2,11,
2597,2.5,6,2,10,
3138,2.5,8,2,1,
3912,3.5,7,3,0,
4749,2.5,8,2,12,
2329,2.5,6,2,12,
2395,2,8,2,19,
4196,4.5,9,3,0,
4918,3.5,10,3,0,
3567,2.5,9,3,0,
4548,3.5,10,3,0,
4185,3.5,9,3,0,
3428,3,9,2,1,
3910,3.5,9,3,1,
2090,2,6,2,26,
2802,2.5,7,2,28,
2130,2,7,2,30,
3278,3.5,7,2,0,
2550,3,6,2,6,
2206,2,6,2,32,
1738,1.5,4,2,35,
2906,3,6,2,4,
1617,1.5,6,2,33,
2130,1.5,5,2,33,
1524,1.5,6,1,34,
1431,1.5,6,1,34,
1617,1.5,6,1,34,
2138,2.5,6,2,31,
2330,2,5,1,31,
2110,3,7,1,30,
2311,2.5,6,2,30,
4327,3.5,9,3,0,
3236,2,8,3,2,
3461,2,7,3,0,
3736,3,9,3,1,
3296,2.5,9,3,0,
3697,3.5,9,2,0,
3462,2.5,8,2,0,
3443,2.5,8,3,0,
3882,3.5,8,3,0,
3584,3,9,3,0,
3560,3,9,3,1,
3334,3.5,8,3,2,
3125,3,9,2,1,
3372,3,9,3,0,
3332,3,9,2,0,
2184,2.5,6,2,0,
2230,2.5,7,2,0,
2652,2,6,2,0,
3425,2.5,8,3,1,
2230,2.5,7,2,0,
2584,3,7,2,0,
2879,3,7,2,4,
2913,3,7,2,2,
2284,2,7,2,0,
2446,2.5,7,2,1,
2871,2.5,6,2,6,
3357,3.5,7,3,0,
3020,3.5,8,3,8,
3394,3.5,8,3,6,
4395,3.5,9,3,6,
4068,2.5,8,3,11,
5233,4.5,9,3,12,
3784,3.5,8,3,11,
4085,3.5,8,3,13,
3064,2.5,8,2,0,
3340,3.5,8,3,0,
3008,2,8,2,0,
2556,2,8,2,0,
4676,4.5,9,3,0,
2574,2.5,6,2,1,
2284,1.5,6,0,1,
2800,2,7,2,0,
2262,1.5,6,0,0,
2577,2.5,7,2,1,
2369,2.5,7,2,1,
2778,2.5,6,2,8,
2567,3.5,6,2,13,
2796,3,6,2,15,
2434,2,6,2,15,
1956,2.5,6,2,12,
1976,2,5,2,44,
1654,2,6,2,29,
2075,1,5,2,4,
1968,1,5,1,41,
1791,1,5,1,38,
1850,2,5,2,43,
2048,1.5,5,1,41,
1824,1,5,0,42,
1853,1,5,1,39,
4394,4,7,2,32,
4160,3.5,8,3,13,
2286,1.5,7,2,2,
1823,2.5,7,2,1,
2280,2.5,6,2,6,
1610,2.5,7,2,3,
2263,2.5,7,1,8,
3136,2,8,2,4,
2346,3,5,2,34,
2668,3,7,2,39,
2102,2,5,2,38,
2670,2.5,5,2,38,
1952,2,6,2,2,
1731,2,5,1,38,
2102,2,5,1,40,
2282,2,5,1,39,
2752,3,6,1,6,
2496,2.5,6,2,42,
2160,1.5,5,2,42,
2496,2,5,1,46,
1632,2,6,1,56,
1981,1,5,1,56,
2684,2,5,2,16,
3068,2,5,1,54,
2272,2,5,1,55,
2432,1.5,5,1,33,
1872,1,5,1,31,
3168,2,5,2,39,
2492,2,6,2,42,
2016,1,6,2,43,
2543,1.5,5,1,49,
2457,1.5,6,2,48,
2428,2,5,1,50,
2248,2,6,1,12,
2100,2,6,1,6,
2016,2,5,1,3,
1791,1.5,6,2,55,
1446,1,5,2,50,
2010,1,5,1,50,
2112,2.5,5,1,51,
1768,2,5,1,15,
2968,2.5,7,3,43,
2399,2,5,2,5,
4811,4.5,5,3,31,
2096,1.5,6,2,56,
1426,1,3,1,5,
1430,1,3,2,56,
1168,1,4,1,8,
2258,2,6,2,56,
2837,1.5,4,2,56,
2229,1.5,6,1,43,
2342,1.5,6,1,21,
3086,3,6,2,14,
1472,2,7,2,47,
3886,4,7,2,8,
2431,1.5,4,1,56,
1040,2,3,2,56,
3112,2,5,0,46,
2300,1,5,1,45,
2090,2,7,2,44,
1728,1.5,5,1,44,
2050,2,5,0,44,
2730,2,5,2,1,
2880,2,5,1,56,
2804,1,4,1,26,
2196,1.5,6,2,2,
2140,2,7,2,36,
1506,1,7,1,56,
2889,2,4,2,56,
2064,1,6,1,56,
1688,1,5,1,56,
1440,1,4,1,56,
2114,1,3,1,56,
1920,2,5,2,51,
2382,1.5,5,2,56,
984,2,3,1,56,
1952,1.5,6,1,56,
1638,1,3,1,56,
3330,2,7,2,1,
1872,2,5,0,56,
1920,1,5,2,48,
2040,1,3,0,56,
2675,1,6,1,10,
1890,2,3,1,56,
2065,1,5,1,22,
1632,1,5,1,56,
4081,2,6,2,44,
2026,2,4,2,56,
1726,1,5,1,2,
1429,1,5,0,56,
1968,1,6,1,56,
2228,2,5,1,55,
3842,2,6,2,42,
1640,1,5,2,56,
1032,1,5,1,56,
1709,1,5,1,56,
2146,3,7,1,2,
2128,1.5,5,2,39,
1846,1.5,6,1,42,
2118,2,5,1,40,
2634,2.5,5,2,39,
2000,2,6,2,28,
3934,2,5,2,29,
3898,2,5,2,29,
1744,1,5,1,56,
3695,2,7,2,39,
2000,2,5,2,43,
1592,2,5,2,34,
2130,3.5,7,1,25,
2317,1.5,4,2,52,
1949,1,5,1,56,
2681,2,6,3,56,
5508,3.5,6,2,16,
3336,2.5,5,2,44,
1488,1,5,2,4,
2114,1.5,5,1,7,
2609,1.5,6,1,53,
3427,2.5,6,2,17,
2784,4,6,4,13,
3184,2.5,7,3,0,
2416,2,7,2,1,
3682,3,6,2,0,
3160,3.5,8,3,0,
2754,2.5,7,2,0,
3228,2,7,2,1,
2380,2.5,7,2,1,
2776,3,6,2,38,
2200,1.5,5,2,10,
2280,2.5,6,2,11,
2850,3,7,2,8,
2591,2.5,7,2,7,
2730,3.5,7,2,6,
2063,1.5,6,1,29,
2277,2.5,6,3,28,
1728,1,5,1,34,
2588,2.5,7,2,4,
2595,3.5,6,2,7,
2706,2.5,8,2,4,
2781,2.5,7,2,4,
3304,3.5,8,3,7,
3114,2.5,7,2,9,
2993,3,7,3,8,
2925,3.5,7,2,10,
1696,2,6,2,3,
2780,3,7,2,3,
2588,2.5,7,2,0,
2395,2.5,7,2,1,
2672,3,7,2,0,
2112,3,4,2,6,
1988,3,6,0,31,
2352,2,5,1,37,
2520,2.5,7,2,2,
1828,2,6,0,4,
3464,2.5,7,2,1,
1619,2,6,2,0,
2679,2,7,2,2,
1560,1,4,1,56,
2170,2,6,2,56,
2762,1.5,4,1,56,
2436,2.5,4,2,38,
2278,1,4,0,56,
996,1,2,1,51,
1889,1,4,1,13,
2609,3,5,1,56,
2120,2,6,1,56,
2103,2,7,1,9,
2265,1,6,1,56,
2454,1.5,7,1,56,
2457,2,5,1,56,
2112,1,5,1,56,
2367,1.5,6,1,56,
2618,1.5,5,1,56,
2693,2,7,2,56,
2246,1.5,7,3,16,
2498,1.5,6,2,47,
3483,3,5,1,43,
1952,2,5,1,56,
2146,1.5,6,2,56,
1104,1,4,0,56,
1282,1,4,1,56,
2605,2,6,1,49,
729,1,3,0,56,
2056,2,5,0,55,
1152,1,3,0,56,
3351,4,8,2,0,
3240,3.5,8,2,1,
3250,2.5,6,2,27,
3328,2,6,2,28,
2982,2,8,2,5,
2338,3,6,2,31,
3282,2,6,2,48,
2784,3,6,2,6,
3688,3,8,3,0,
3676,3,9,3,0,
1600,1.5,1,1,55,
2656,4,7,4,9,
1568,1.5,5,1,29,
1738,2,5,1,3,
3304,2,5,3,36,
1260,2,4,0,36,
1638,1.5,4,1,34,
2464,2,5,1,27,
1638,1.5,4,1,36,
1638,1.5,4,0,36,
1638,1.5,4,0,36,
1638,1.5,4,1,36,
2448,2,5,2,10,
1882,1.5,5,0,14,
2996,2.5,7,3,12,