CustomerID,recency,frequency,monetary
12680,21.4652777777778,2,68.4
15311,21.5,36,1081.75
14446,21.5180555555556,3,18.26
12518,21.5743055555556,4,124.38
14441,21.6201388888889,1,59.4
13883,22.1944444444444,3,32.95
17530,22.2208333333333,6,43.77
15156,22.2347222222222,1,17.4
15208,22.275,1,15.3
17405,22.2833333333333,2,36.94
13026,22.2930555555556,2,23.04
14911,22.3375,76,3029.15
13404,22.3493055555556,1,17.34
13890,22.35,2,41
14796,22.3534722222222,15,273.28
13013,22.3743055555556,6,200.28
14730,22.3895833333333,4,15.92
16833,22.3895833333333,2,81.8
13521,22.4236111111111,3,12.13
13510,22.4263888888889,3,45.64
14653,22.4270833333333,4,109.79
17644,22.4284722222222,3,70.54
17673,22.4652777777778,4,85.39
16210,22.475,3,66.96
14698,22.4819444444444,4,37.44
17841,22.4951388888889,86,821.74
16442,22.5118055555556,3,8.78
12621,22.5243055555556,10,245.9
15453,22.5423611111111,6,34.28
15443,22.5555555555556,5,39.01
17677,22.5868055555556,7,429.95
17631,22.5923611111111,2,24.96
13924,22.5979166666667,3,72.07
14191,22.6090277777778,4,74.8
14251,22.6444444444444,3,40.08
15883,23.2881944444444,1,3.9
17449,23.2944444444444,3,25.85
12569,23.3166666666667,5,110.78
12347,23.3388888888889,2,81.21
14646,23.3638888888889,21,4409.52
16779,23.3791666666667,6,81.76
15525,23.3868055555556,3,41.56
14395,23.3930555555556,4,96.01
15471,23.4083333333333,1,6.6
16426,23.4159722222222,3,26.75
17602,23.4215277777778,5,81.25
14204,23.4319444444444,1,2.1
17590,23.4618055555556,2,43.26
14904,23.4618055555556,1,15.8
18237,23.4659722222222,1,17.4
18272,23.4701388888889,3,99.42
14087,23.4715277777778,1,6.02
14534,23.4868055555556,5,64.19
13668,23.4923611111111,8,75.65
15568,23.5229166666667,1,24.9
17091,23.5534722222222,3,66.56
14769,23.5666666666667,6,133.88
14708,23.6520833333333,2,58.56
12583,23.6618055555556,3,164.55
17883,24.2576388888889,4,50.45
16987,24.2736111111111,2,11.2
14578,24.2791666666667,1,2.5
17861,24.31875,3,23.08
16201,24.3319444444444,3,31.96
17730,24.3451388888889,6,131.88
16569,24.3527777777778,1,10.5
14293,24.3631944444444,2,50.4
15194,24.3680555555556,7,145.5
16076,24.3756944444444,4,92.83
14216,24.3777777777778,1,25.5
14868,24.3826388888889,4,104.55
17266,24.3958333333333,1,2.95
16143,24.4076388888889,2,42.6
13685,24.4270833333333,1,0.79
13225,24.4381944444444,1,151.68
18225,24.4395833333333,5,149.86
16495,24.4444444444444,1,30.6
14606,24.4611111111111,38,225.54
14071,24.48125,5,37.4
13755,24.4819444444444,5,46.16
16979,24.4854166666667,3,65.7
15907,24.4854166666667,2,18.35
14121,24.4868055555556,3,45.84
17346,24.4875,8,46.56
14735,24.49375,4,164.2
18283,24.4986111111111,9,46.11
17914,24.5013888888889,1,4.67
16790,24.5048611111111,2,29
16764,24.5131944444444,5,33.12
17884,24.51875,3,7.14
15318,24.5208333333333,1,9.36
15157,24.5222222222222,1,18.84
16133,24.525,10,253.2
16949,24.5368055555556,1,8.5
14562,24.5381944444444,6,75.65
12877,24.5625,4,36.79
17728,24.6305555555556,3,33.75
14096,25.2798611111111,15,788.9
15856,25.2854166666667,8,175.2
15274,25.29375,1,7.9
14739,25.2958333333333,2,173.88
13021,25.3076388888889,4,111
16057,25.3083333333333,4,72.45
12683,25.3138888888889,8,154.85
15984,25.3298611111111,4,69.79
17757,25.3305555555556,8,69.75
13230,25.33125,7,66.36
13173,25.3395833333333,1,6.6
16968,25.3736111111111,1,4.68
16200,25.3888888888889,2,30.41
15640,25.3923611111111,8,141.39
15159,25.3993055555556,12,472.45
16684,25.4125,6,1655.3
16592,25.4243055555556,2,87
15854,25.4326388888889,1,23.85
17706,25.4347222222222,6,135.8
17254,25.4680555555556,2,6.36
15033,25.4722222222222,7,37.16
16746,25.4770833333333,7,86.63
14649,25.4791666666667,4,63.79
14060,25.4798611111111,5,232.92
17579,25.4805555555556,1,10.69
16360,25.4888888888889,4,41.14
16873,25.4965277777778,3,8.2
14759,25.4979166666667,2,52.48
12748,25.5076388888889,54,370.01
16811,25.5145833333333,1,25
12841,25.5326388888889,8,67.8
17526,25.5381944444444,1,29.9
14931,25.5701388888889,1,34
17402,25.5729166666667,1,271.2
13126,25.5833333333333,3,62.24
18223,25.6173611111111,6,206.1
12724,26.3319444444444,1,57.6
14102,26.3486111111111,1,26.1
13736,26.3618055555556,2,4.75
13630,26.3638888888889,3,13.95
17954,26.40625,3,7.53
16905,26.4159722222222,1,12.45
14456,26.4173611111111,7,55.41
15867,26.4326388888889,8,95.55
17936,26.4361111111111,1,2.5
16931,26.4479166666667,10,86.89
14546,26.4583333333333,4,15
16033,26.4694444444444,12,184.42
14583,26.4777777777778,3,21.33
17114,26.4881944444444,4,23.85
17858,26.5027777777778,4,160.4
13471,26.5104166666667,3,45.94
18065,26.5631944444444,4,86.64
16326,26.5756944444444,6,90.05
17584,28.2833333333333,1,25
15078,28.3479166666667,8,281.68
17686,28.3479166666667,3,47.26
18245,28.3833333333333,3,76.29
14503,28.3847222222222,4,108.74
12970,28.3986111111111,1,15.57
18055,28.3993055555556,6,213.05
15271,28.4090277777778,3,50.5
15769,28.4222222222222,3,634.3
14594,28.4388888888889,1,2.08
15123,28.45,2,57.6
14688,28.4833333333333,4,94.25
18282,28.5118055555556,1,25.5
17386,28.5222222222222,1,40.8
18097,28.5305555555556,3,189.84
12856,28.5472222222222,4,26.76
12700,28.5506944444444,4,157.35
12364,28.5680555555556,3,95.4
14895,28.6090277777778,12,374.24
17566,29.1708333333333,2,57.14
13102,29.1916666666667,7,79.92
15531,29.2201388888889,2,32.66
17426,29.2451388888889,4,140.1
17920,29.3076388888889,8,131.65
14655,29.3138888888889,1,9.96
15290,29.3138888888889,3,214.8
14766,29.3298611111111,3,42.55
12950,29.3368055555556,2,99.8
14440,29.3458333333333,1,56.25
16242,29.3666666666667,2,47.32
15373,29.3715277777778,2,78.18
13969,29.3902777777778,7,145.27
14732,29.3930555555556,3,38.16
14262,29.4048611111111,3,35.4
18077,29.4361111111111,5,50.3
15862,29.4388888888889,4,62.45
12955,29.4458333333333,5,182.52
14298,29.45,16,957.12
18122,29.4527777777778,5,37.71
13599,29.4625,5,75.71
14659,29.4881944444444,3,13.2
13199,29.4888888888889,2,135.9
12951,29.4902777777778,3,19.04
14178,29.4993055555556,3,29.85
14047,29.5118055555556,1,16.5
16376,29.5152777777778,2,19.95
13263,29.5305555555556,22,135.42
14146,29.5708333333333,1,32.7
13854,29.6208333333333,3,121.68
16839,29.6229166666667,4,322.9
15951,29.6430555555556,1,32.4
15444,30.2659722222222,1,19.9
12429,30.2763888888889,2,104.4
17340,30.2833333333333,6,346.49
16265,30.3048611111111,6,132.3
17434,30.3347222222222,1,25.2
12714,30.3451388888889,4,136.8
13362,30.3881944444444,4,84.75
12682,30.4055555555556,7,260.2
15712,30.4104166666667,1,10.2
15060,30.4145833333333,1,4.15
14618,30.4270833333333,1,15
17502,30.4493055555556,1,20.4
15654,30.4527777777778,1,30.6
16062,30.4895833333333,2,30.54
16657,30.5083333333333,4,31.24
15039,30.5201388888889,23,479.54
12630,30.55,2,52.53
15073,30.5527777777778,2,42.85
14062,30.5805555555556,1,50.4
12957,30.5881944444444,3,90.3
14554,31.3027777777778,2,34.65
15297,31.3111111111111,2,37.5
15089,31.3118055555556,2,82.85
17682,31.3340277777778,3,49.5
13576,31.3513888888889,4,294.98
12670,31.3590277777778,2,69.3
16775,31.3597222222222,2,15.85
16549,31.3708333333333,8,62.97
14711,31.3763888888889,6,63.02
17101,31.41875,1,179
13999,31.4305555555556,3,66.6
14388,31.4361111111111,4,80.09
14701,31.4763888888889,6,71.5
13137,31.49375,8,58.91
14452,31.4958333333333,2,21.1
15218,31.5083333333333,3,62.4
18118,31.5194444444444,16,89.52
17772,31.54375,1,2.5
14961,31.5958333333333,5,108.9
15621,32.3638888888889,1,157.92
15601,32.3645833333333,7,148.42
13266,32.3895833333333,4,34.9
17359,32.3909722222222,1,2.95
17811,32.3986111111111,15,139.72
16800,32.4125,1,34.9
13389,32.4159722222222,1,27.6
17379,32.4194444444444,1,1.7
12479,32.4402777777778,1,30.2
13844,32.44375,1,17.34
17523,32.4444444444444,2,19.9
13882,32.4527777777778,2,16.92
15022,32.4756944444444,2,15.58
12839,32.4770833333333,4,102.06
15721,32.4902777777778,1,70.8
16705,32.5125,4,346.98
18041,32.5145833333333,11,206.46
13004,32.5229166666667,9,141.89
15561,32.5368055555556,2,32.25
12668,32.5444444444444,3,70.2
13081,32.5458333333333,8,583.99
14893,32.5493055555556,1,10.2
17651,32.5631944444444,7,72.9
15511,32.5951388888889,1,23.25
14093,33.3145833333333,1,0.42
15555,33.3201388888889,8,122.97
17595,33.3277777777778,1,6.72
15436,33.3298611111111,3,45.38
18001,33.3319444444444,1,9.95
15861,33.3340277777778,6,100.22
13610,33.3486111111111,5,59.08
15987,33.3486111111111,2,23.02
15054,33.3736111111111,2,8.64
13546,33.3819444444444,3,12.1
17885,33.3888888888889,1,1.25
14954,33.3958333333333,1,2.55
16005,33.4256944444444,2,30.39
16877,33.4256944444444,3,13.3
17288,33.4381944444444,1,12.9
15351,33.4638888888889,2,7.94
16942,33.4722222222222,2,2.9
15747,33.4819444444444,2,14.49
18156,33.4833333333333,2,9.75
17365,33.4909722222222,4,81.1
14527,33.4993055555556,10,81.56
13596,33.5020833333333,1,1.25
17812,33.5090277777778,3,23.28
18145,33.5263888888889,1,32.18
17769,33.5291666666667,5,37.86
14859,33.5291666666667,1,17.4
17813,35.3243055555556,3,19.65
13069,35.3423611111111,11,88.06
15186,35.3763888888889,1,29.7
17329,35.4,1,29.7
17562,35.4020833333333,1,15.6
13437,35.4166666666667,4,135.72
14111,35.4277777777778,1,75
13332,35.4375,1,17.85
16327,35.4423611111111,5,71.65
13149,35.4520833333333,1,10.08
17232,35.4833333333333,1,5.04
13589,35.4930555555556,1,20.8
15872,35.5041666666667,1,16.25
12681,35.51875,9,314.1
17348,35.5243055555556,2,28.7
17870,35.5277777777778,2,42.95
12531,35.5333333333333,1,13.8
17385,35.5402777777778,1,1.56
15382,35.5430555555556,3,53.1
12620,35.5694444444444,2,55.68
16719,35.60625,4,59.4
14703,35.6090277777778,1,8.5
14756,36.2409722222222,1,32.5
12971,36.2840277777778,8,352.5
17727,36.2875,1,17.4
15910,36.2923611111111,5,36.95
18161,36.3055555555556,3,161.75
14805,36.3194444444444,1,16.5
12709,36.3486111111111,4,216.2
15953,36.3527777777778,2,29
17247,36.3604166666667,1,1.95
17364,36.3888888888889,5,69.46
14591,36.4194444444444,2,6.7
16885,36.4305555555556,1,4.95
16609,36.4361111111111,3,99.9
17975,36.4395833333333,5,83.75
14056,36.4409722222222,13,162.47
16892,36.4541666666667,1,12.75
17458,36.4576388888889,1,12.5
12476,36.4722222222222,4,74.9
14410,36.5305555555556,3,5.3
16173,36.5465277777778,2,42
12913,36.55625,2,25.5
15632,36.5895833333333,2,49.75
15270,36.6090277777778,4,341.04
15594,36.6298611111111,2,25.2
12471,36.6319444444444,11,490.06
16343,37.2604166666667,2,36.88
15398,37.3006944444444,1,43.6
17290,37.3381944444444,1,1.25
14088,37.3444444444444,4,1445.05
12619,37.3805555555556,2,30.6
13174,37.3923611111111,3,44.5
13644,37.4118055555556,2,92.43
12723,37.4159722222222,2,12.89
15916,37.4263888888889,2,15.4
13018,37.4388888888889,8,145.02
17422,37.4395833333333,2,43.52
14675,37.4597222222222,1,10.71
17809,37.4638888888889,3,156.9
15901,37.4701388888889,3,6.4
14049,37.4861111111111,5,113.47
16066,37.5041666666667,4,126.38
17700,37.50625,3,23.57
16525,37.5076388888889,2,162
14547,37.5673611111111,4,33.09
16600,37.5944444444444,1,9.36
16261,38.2756944444444,3,38.79
17519,38.3034722222222,2,29
13319,38.30625,9,288.8
17759,38.3319444444444,1,23.3
14329,38.3409722222222,5,123.9
14505,38.34375,8,123.58
14422,38.3756944444444,2,62.25
17297,38.3868055555556,1,2.97
13488,38.3881944444444,6,141.3
17338,38.4006944444444,7,111.69
13322,38.4020833333333,1,5
16474,38.4138888888889,4,25.75
16422,38.4166666666667,9,620.7
12656,38.4291666666667,2,63
17371,38.4375,2,11.75
15977,38.4381944444444,1,8.3
13569,38.4534722222222,1,12.95
14506,38.4569444444444,4,83.33
14467,38.4666666666667,2,8.94
13363,38.4722222222222,2,39.3
16330,38.4833333333333,1,5.1
17238,38.49375,8,87.65
17073,38.5090277777778,3,46.45
13268,38.5180555555556,5,74.36
15877,38.5291666666667,1,1.7
16532,38.5361111111111,1,2232
13267,38.5388888888889,2,32.7
17528,38.56875,4,159.88
16748,38.5715277777778,3,48.8
16782,38.5881944444444,3,131.7
17600,38.5951388888889,1,49.4
15845,38.5958333333333,5,92.7
13456,38.6125,1,44.55
18139,38.6131944444444,2,39.6
13246,39.2986111111111,2,184.05
14030,39.3,4,320.83
16369,39.3159722222222,2,53.2
13862,39.3166666666667,1,10.5
16712,39.3354166666667,4,49.07
12904,39.3930555555556,1,2.9
17450,39.4020833333333,5,10122.56
17625,39.4333333333333,4,34.49
14482,39.4486111111111,2,10.41
17253,39.4590277777778,1,17.85
14607,39.4736111111111,1,9.9
16713,39.475,6,97.31
15857,39.4875,1,81.6
15527,39.4881944444444,4,39.7
14449,39.4958333333333,3,14.95
14963,39.4965277777778,2,2.9
15645,39.5034722222222,1,11.9
14702,39.5069444444444,4,-7
14587,39.5180555555556,7,45.25
17664,39.5215277777778,2,37.5
14883,39.5673611111111,1,6.96
13823,39.5680555555556,2,71.7
17675,39.6451388888889,14,391.96
15738,39.6486111111111,3,65.4
13142,40.3284722222222,1,11.9
15426,40.35,3,13.01
15533,40.3506944444444,1,3.9
17758,40.3868055555556,7,152.54
16666,40.4159722222222,1,3.75
16513,40.43125,1,17
12597,40.4354166666667,3,100.06
14359,40.4465277777778,2,26
13427,40.4569444444444,2,26.4
18127,40.46875,1,4.16
14710,40.4708333333333,1,4.35
13212,40.4722222222222,2,19.95
13118,40.4743055555556,1,19.8
14159,40.475,9,98.75
18110,40.4763888888889,1,7.6
12598,40.4763888888889,2,49.8
14075,40.4777777777778,2,48.36
14052,40.4791666666667,1,2.89
17323,40.4909722222222,3,25.02
13536,40.5055555555556,3,59.7
14502,40.5069444444444,7,139.51
16762,40.5118055555556,1,34.9
15009,40.5243055555556,2,23.25
14477,40.5340277777778,1,83.2
14881,40.5375,1,19.8
17387,40.5416666666667,1,3.9
14664,40.5423611111111,2,26.38
17243,40.5722222222222,8,156.35
13988,40.5729166666667,4,108.38
14902,42.2854166666667,2,18.6
14903,42.3284722222222,4,42.82
14315,42.3506944444444,3,55.95
16279,42.375,1,17.7
15494,42.38125,2,44.19
14793,42.3819444444444,1,15
14667,42.4006944444444,10,134.69
17301,42.4284722222222,1,4.15
12444,42.4423611111111,2,37.2
17049,42.4458333333333,4,85
15088,42.4486111111111,2,51.78
14390,42.4569444444444,3,32.7
16924,42.4631944444444,1,36.3
17286,42.4673611111111,1,7.14
15530,42.4826388888889,3,60.48
18034,42.4847222222222,2,5.98
12391,42.4951388888889,1,5.53
17324,42.5048611111111,1,8.25
12618,42.5347222222222,1,15
17760,42.5444444444444,1,4.5
17159,42.5472222222222,1,20.6
16511,42.5548611111111,2,33.15
16678,42.5638888888889,3,48.14
12451,42.5847222222222,4,164.88
13050,42.5861111111111,6,107.55
14277,42.5881944444444,2,26
16414,42.5958333333333,1,9.95
13269,42.6173611111111,7,174.24
16871,43.1895833333333,3,93.3
12406,43.1930555555556,2,32.7
16042,43.2569444444444,2,30
16558,43.2708333333333,3,82.2
13313,43.3,1,20.8
15435,43.30625,1,4.95
14416,43.3597222222222,1,85.92
17799,43.3638888888889,7,70.25
14034,43.4152777777778,1,5.75
12449,43.4263888888889,3,95.18
12539,43.4375,4,62.7
17797,43.4472222222222,1,29.5
12847,43.4472222222222,1,2.41
17080,43.4590277777778,1,66
14704,43.4673611111111,3,34.43
17095,43.4854166666667,1,10.5
15506,43.4923611111111,3,15.52
15529,43.5215277777778,7,33.66
12567,43.5402777777778,5,155.63
17419,43.5465277777778,3,56.88
12753,43.5472222222222,2,444
13871,43.5493055555556,6,158.4
17461,43.5826388888889,2,20.37
12477,43.5895833333333,4,200.91
12610,43.6013888888889,3,45.24
15489,43.6298611111111,2,84.9
12662,44.2743055555556,6,113.52
14948,44.2805555555556,2,46.5
14673,44.2847222222222,3,52.32
18006,44.2972222222222,1,27.6
15805,44.3111111111111,6,140.3
17835,44.3125,1,4.55
13238,44.3152777777778,1,20.8
12500,44.3194444444444,2,164.76
18167,44.3361111111111,1,20.4
16809,44.34375,2,16.94
15967,44.3465277777778,1,7.95
15051,44.3486111111111,2,15.81
13500,44.3506944444444,1,19.8
17017,44.3506944444444,5,238.2
18075,44.3604166666667,5,96.18
16191,44.3652777777778,1,22.5
13815,44.4208333333333,2,56.35
16999,44.4215277777778,1,14.75
16204,44.4305555555556,1,1.95
13939,44.4354166666667,3,21.48
16085,44.4416666666667,3,14.35
13285,44.4451388888889,4,56.78
13926,44.4472222222222,1,35.4
16669,44.4819444444444,2,17.05
16469,44.4826388888889,2,7.29
15900,44.4868055555556,1,3.75
16717,44.4888888888889,2,102.3
13558,44.4909722222222,1,10.82
15110,44.5305555555556,2,51
17198,44.55625,2,18.1
12963,44.5840277777778,2,40.5
16079,44.6013888888889,1,168
12890,45.2736111111111,1,8.25
12933,45.3069444444444,3,14.6
17357,45.3131944444444,1,5.78
12474,45.3458333333333,4,63.3
13435,45.3590277777778,2,88
14544,45.3708333333333,2,75.74
14194,45.3770833333333,7,228.13
15720,45.3833333333333,1,0.78
16240,45.3958333333333,2,96.72
18123,45.4006944444444,1,8.25
16295,45.4201388888889,1,28.05
13078,45.4215277777778,6,354.68
17220,45.4298611111111,6,69.1
17564,45.4395833333333,1,8.7
14640,45.4534722222222,2,72.9
14666,45.4604166666667,1,4.2
18043,45.4666666666667,2,19.4
17974,45.5159722222222,2,8.75
13735,45.5319444444444,4,150.55
13632,45.5479166666667,2,69.8
12684,45.5486111111111,3,83.4
16168,45.5569444444444,2,50.46
12883,45.6034722222222,2,35.4
15628,45.6145833333333,3,67.95
13777,45.6319444444444,5,624.6
15144,45.6444444444444,7,198.1
15981,45.6666666666667,5,150.9
15660,46.2930555555556,4,66.18
13089,46.3138888888889,34,1887.28
12374,46.3493055555556,1,22.5
16504,46.3625,1,1.1
14953,46.3756944444444,1,0.39
15532,46.38125,3,29.13
17793,46.4,1,4.95
14418,46.4201388888889,1,25.2
12553,46.4305555555556,3,87.8
15839,46.4409722222222,2,1.38
12490,46.4569444444444,3,69.9
17081,46.4611111111111,2,17.25
18117,46.4673611111111,1,8.25
15572,46.4902777777778,3,20.81
17538,46.4916666666667,1,9.96
17658,46.4951388888889,1,30
17377,46.5041666666667,8,175.81
14684,46.51875,4,37.85
13694,46.5340277777778,13,1501.14
16936,46.5388888888889,1,4.2
14862,46.5826388888889,1,12.5
17663,46.6277777777778,2,27.6
15203,46.6555555555556,1,20.8
14432,47.3180555555556,4,34.65
16720,47.3180555555556,1,0.21
14382,47.3208333333333,1,12.1
16930,47.3243055555556,1,5.85
18069,47.33125,5,75.8
13451,47.3347222222222,4,55.77
16898,47.3444444444444,2,13.59
15005,47.3458333333333,15,109.02
12867,47.3541666666667,3,32.25
15411,47.3618055555556,1,9.9
15787,47.3833333333333,2,36.1
13798,47.4291666666667,4,456.33
15500,47.4298611111111,2,53.38
17287,47.4395833333333,1,5.9
14499,47.4576388888889,3,19.83
13426,47.4777777777778,2,144.18
13170,47.4868055555556,1,3.25
14487,47.4881944444444,2,59.9
17211,47.4979166666667,4,37.2
16015,47.5034722222222,2,7.44
16571,47.5097222222222,1,20.4
16438,47.5145833333333,2,8.84
17041,47.5270833333333,1,5.85
16560,47.5590277777778,1,8.2
13310,49.2756944444444,1,10.2
17069,49.2840277777778,4,84.45
17191,49.2930555555556,3,63.51
13895,49.29375,2,215.72
13732,49.3409722222222,1,14.85
18014,49.3555555555556,1,27.04
13557,49.3583333333333,1,9.96
12480,49.3805555555556,2,56.7
17052,49.3819444444444,1,7.18
17088,49.4006944444444,2,62.8
15692,49.4083333333333,1,6.96
12726,49.4340277777778,2,29.6
12985,49.4694444444444,1,15
15034,49.4694444444444,7,66.16
16386,49.4805555555556,1,0.39
14125,49.4861111111111,2,62.25
14662,49.4909722222222,3,10.09
12517,49.5138888888889,3,44.13
17162,49.5180555555556,3,51.4
15965,49.5486111111111,2,18.3
17295,49.5493055555556,2,21.98
12589,49.5701388888889,1,17.4
14309,49.5930555555556,3,151
18130,49.6076388888889,1,27.66
12697,49.6340277777778,3,77.32
13810,49.64375,1,19.8
14765,50.1715277777778,1,0.84
17932,50.1743055555556,2,22.65
18135,50.1861111111111,1,45
13098,50.2180555555556,5,145
16907,50.2472222222222,2,18.72
13396,50.2923611111111,1,60.46
17109,50.2923611111111,2,30.78
15111,50.2930555555556,2,32.7
16094,50.2979166666667,2,29.45
12508,50.3145833333333,1,7.65
16126,50.33125,1,30
12826,50.3493055555556,2,31.3
16169,50.3590277777778,1,88.2
13148,50.3590277777778,4,20.5
14466,50.4118055555556,2,41.3
16904,50.4263888888889,9,32.93
12599,50.4347222222222,1,10.08
12844,50.4368055555556,2,20.27
17573,50.4576388888889,1,15
17188,50.4756944444444,2,98.7
17059,50.48125,3,39.74
12541,50.5555555555556,1,14.85
16003,50.5854166666667,2,30
14944,50.61875,2,49.5
17500,50.6194444444444,1,16.5
15450,51.2840277777778,1,15.6
13992,51.3590277777778,1,19.8
14132,51.3673611111111,2,33.9
15114,51.3715277777778,5,69.76
15485,51.3951388888889,1,5.04
17867,51.4090277777778,1,10.73
14493,51.4208333333333,2,57.9
13209,51.4222222222222,3,93.42
14240,51.4270833333333,1,10.2
12893,51.4763888888889,1,4.25
13623,51.5,2,13.45
12949,51.5243055555556,2,67.3
17511,51.5284722222222,16,2184.2
12921,51.5916666666667,11,230.35
16767,51.5972222222222,3,40.96
17611,51.6243055555556,7,61.46
13046,51.6416666666667,1,30
17006,52.2625,1,42.5
14367,52.2770833333333,6,140.47
15153,52.2854166666667,1,11.9
18216,52.2951388888889,1,36.9
12395,52.3229166666667,1,15
16284,52.325,1,4.81
16626,52.3340277777778,5,233.7
12540,52.3486111111111,8,314.91
15615,52.3506944444444,9,283.33
15103,52.3798611111111,2,30.3
13928,52.3826388888889,1,11.5
13272,52.4166666666667,1,17.7
17633,52.4409722222222,1,13.5
15406,52.4430555555556,2,24
16639,52.4444444444444,2,29.1
15356,52.4506944444444,3,22.67
13975,52.4513888888889,4,82.09
12990,52.4576388888889,1,41.6
12472,52.4729166666667,6,82.05
12721,52.4909722222222,2,33.6
13381,52.5013888888889,3,40.08
15573,52.5152777777778,2,19.2
13587,52.5298611111111,2,-9.6
17964,52.5527777777778,2,20.79
17886,52.5770833333333,2,7.14
16187,52.5902777777778,8,194.14
15344,53.2861111111111,1,16.5
17043,53.3520833333333,2,195
17302,53.35625,3,45.35
17014,53.3673611111111,2,-17.8
18036,53.3888888888889,2,14.2
18229,53.4006944444444,1,204.8
18016,53.4409722222222,1,9.75
15719,53.4798611111111,11,46.09
14387,53.4798611111111,3,38.4
17368,53.4833333333333,3,-64.55
15493,53.4972222222222,3,24.36
17623,53.5194444444444,1,35.4
16053,53.5270833333333,2,80.15
15870,53.5430555555556,1,5.04
15150,53.6291666666667,5,90.52
15618,53.6430555555556,1,19.8
15993,54.3243055555556,2,16.95
12357,54.3284722222222,1,115.32
16357,54.3305555555556,1,17.4
15025,54.3611111111111,1,7.5
17082,54.3631944444444,1,51.5
13523,54.3673611111111,4,120.58
13719,54.3736111111111,1,15.9
14511,54.3902777777778,2,60.36
15427,54.3965277777778,2,22.17
17768,54.4069444444444,2,29.98
14553,54.4125,3,10.12
15696,54.4152777777778,3,46.65
13040,54.4215277777778,1,33.32
16771,54.4388888888889,4,41.72
12638,54.4506944444444,1,16.6
17581,54.4611111111111,5,145.98
12645,54.4736111111111,2,38.88
13365,54.475,1,36.64
13532,54.4826388888889,1,1.45
16744,54.4840277777778,3,38.65
13727,54.4888888888889,1,10.08
15514,54.4916666666667,4,71.85
13772,54.5118055555556,3,18.66
16434,54.5166666666667,1,19.9
16466,54.5173611111111,4,44.62
14936,54.5631944444444,5,159.5
15482,56.2423611111111,3,49
14592,56.3090277777778,3,23.3
15187,56.3416666666667,1,-76.5
12484,56.3625,4,99.98
17084,56.3791666666667,2,59.28
16555,56.3951388888889,1,10.08
15676,56.4034722222222,2,86.14
16887,56.4118055555556,1,20.9
12577,56.4479166666667,1,2.5
18022,56.46875,1,19.65
15010,56.4708333333333,1,10.2
17203,56.4861111111111,1,2.5
15722,56.5131944444444,1,25.2
18102,56.5569444444444,12,9111.34
16637,56.5583333333333,2,9.84
12576,56.5756944444444,2,37.58
12362,56.6201388888889,1,46.8
14913,56.6465277777778,1,17.7
17221,57.2645833333333,1,2.55
13467,57.2944444444444,1,1.56
16409,57.3020833333333,2,46.7
14428,57.3125,2,47.75
17750,57.3638888888889,5,46.72
14723,57.36875,4,18.45
15814,57.3875,2,39
16322,57.39375,1,1.9
15570,57.3979166666667,6,101.96
13721,57.4131944444444,1,15
16891,57.4236111111111,2,5.34
15252,57.4375,1,10.5
18205,57.4430555555556,1,36.4
16347,57.4576388888889,1,4.95
13168,57.4611111111111,3,49.46
15998,57.46875,4,64.18
16992,57.4875,1,25.2
16221,57.5118055555556,1,16.4
12615,57.5520833333333,2,77.16
12808,57.5798611111111,1,20.8
12437,57.5951388888889,2,47.7
17086,57.6111111111111,1,41.26
15804,58.3076388888889,5,107.39
12654,58.3770833333333,3,36.25
13271,58.3951388888889,1,5.45
16379,58.4138888888889,1,24.42
13904,58.4298611111111,1,14.94
15743,58.4451388888889,2,9.9
16367,58.4493055555556,2,10.04
14974,58.4576388888889,1,5.05
13477,58.4972222222222,3,42.8
15576,58.4979166666667,1,20.8
15750,58.5076388888889,4,59.84
15275,58.5277777777778,1,34.32
15830,58.5555555555556,1,8.5
17965,58.6034722222222,3,38.29
17668,59.3854166666667,1,17
16729,59.3965277777778,9,146.85
18270,59.41875,1,25.2
17696,59.4284722222222,1,10.5
13868,59.46875,1,13.2
14426,59.4763888888889,5,55.98
14485,59.4826388888889,1,2.52
12491,59.4875,1,43.2
12674,59.4916666666667,2,120.9
17495,59.4958333333333,1,17
18092,59.5444444444444,2,219.3
13726,59.5493055555556,2,40.2
13881,59.5625,3,395.08
13292,59.5805555555556,1,14.85
13758,59.5861111111111,3,57.2
17139,59.5861111111111,5,115.5
14345,59.5895833333333,1,14.85
15023,60.2826388888889,6,89.51
13982,60.3166666666667,4,93.15
12417,60.3319444444444,2,60
16633,60.4006944444444,3,86.19
16127,60.4180555555556,1,12.48
15044,60.4340277777778,6,82.06
16969,60.45,1,23.4
13983,60.4965277777778,2,102.36
13544,60.5020833333333,1,5.95
15752,60.5159722222222,3,33.02
13994,60.5347222222222,3,70.86
15667,60.5444444444444,1,19.8
13813,60.5569444444444,2,24.65
12571,60.5701388888889,1,10.2
13607,61.3215277777778,1,23.4
18067,61.3347222222222,1,7.5
14112,61.3354166666667,6,173.2
13822,61.3368055555556,1,10.08
12494,61.3444444444444,1,13.2
17213,61.3798611111111,3,44.1
17655,61.40625,3,48.9
13617,61.4236111111111,2,25.63
15521,61.4291666666667,3,37.75
14507,61.4458333333333,3,24.39
14179,61.4951388888889,2,9.49
13278,61.5076388888889,1,30.6
17372,61.5159722222222,6,48.35
15059,61.5222222222222,2,18.63
15860,61.5243055555556,4,39.3
14810,61.5284722222222,5,46.29
16601,61.5354166666667,1,5.04
15708,61.5458333333333,3,99.3
17839,63.2729166666667,1,21.06
16049,63.3263888888889,2,16.19
16554,63.38125,2,31.16
13812,63.3979166666667,1,6.96
14221,63.4291666666667,4,88.54
16150,63.4729166666667,4,96.9
14415,63.475,6,82.41
14498,63.49375,1,22.4
14110,63.51875,3,77.38
16648,63.6263888888889,1,10.5
15014,64.1618055555556,1,17.86
18219,64.2486111111111,1,25.8
14716,64.2715277777778,1,1.65
14357,64.3173611111111,1,9.15
13654,64.3173611111111,2,53.4
16688,64.3256944444445,1,10.4
16416,64.3520833333333,1,15
14004,64.3888888888889,2,79.8
15707,64.3895833333333,2,8.05
17545,64.4194444444445,2,7.08
16026,64.4215277777778,1,18.4
12433,64.4284722222222,4,236.3
14971,64.4354166666667,1,10.2
17459,64.4409722222222,2,17.95
14842,64.4743055555556,2,30
16009,64.4847222222222,1,30
17684,64.5347222222222,1,10.2
18154,64.5555555555556,1,20.4
14189,64.5652777777778,3,51.51
17613,64.5826388888889,6,83.8
15990,65.3347222222222,1,16.5
15821,65.3416666666667,2,6.8
12827,65.3444444444444,1,10.2
17557,65.3451388888889,2,72
18226,65.4333333333333,4,160.8
12820,65.4395833333333,1,42.3
14598,65.4451388888889,1,2.5
16750,65.4666666666667,2,8.52
16418,65.4729166666667,2,10.95
13571,65.475,4,42.24
17712,65.4805555555556,1,15
14085,66.3236111111111,4,48.38
15630,66.35,1,30.6
18079,66.3604166666667,1,13.2
16056,66.3618055555555,1,4.95
16110,66.3923611111111,2,13.15
17596,66.4263888888889,4,18.02
13340,66.4479166666667,3,289.2
15134,66.45625,2,19.68
17690,66.4798611111111,2,43.25
17350,66.4958333333333,1,23.4
14001,66.5618055555556,1,19.8
12398,66.5645833333333,1,59.08
12928,66.6034722222222,2,53.8
13652,66.63125,1,59.76
16023,67.3097222222222,2,13.47
17272,67.3194444444444,2,25.67
13176,67.3451388888889,1,4.8
13165,67.3715277777778,1,34.56
16728,67.3916666666667,3,40.08
15786,67.4097222222222,3,130.96
16444,67.4236111111111,1,9.96
17090,67.4354166666667,3,48.18
12594,67.4694444444444,1,17.7
14764,67.5041666666667,1,88.8
16019,67.50625,2,39.66
15516,67.51875,1,2.55
14019,67.5743055555556,2,32.25
15277,67.5777777777778,1,15
14312,67.5930555555556,3,124.3
16325,67.6333333333333,1,15
14731,68.3375,1,2.34
13598,68.3972222222222,1,2.08
16686,68.4243055555555,6,76.86
16017,68.4611111111111,1,4.95
14800,68.4680555555556,8,50.66
15584,68.4819444444445,2,7.03
15000,68.5125,1,19.4
16007,68.5381944444444,2,24.54
13709,70.3625,2,81.54
17800,70.4416666666667,1,7.5
12646,70.4638888888889,1,10.4
15358,70.4694444444444,4,100.26
13918,70.4826388888889,1,100.92
17832,70.5118055555556,1,1.25
16153,70.5486111111111,2,45.24
17571,71.3354166666667,2,20.7
15117,71.3486111111111,1,17
13897,71.3958333333333,1,15
17672,71.4041666666667,2,39.6
14484,71.4090277777778,1,8.2
13761,71.4159722222222,2,47.7
13159,71.4444444444444,2,21.75
16177,71.4604166666667,1,19.8
18252,71.4701388888889,1,13.82
14866,71.5048611111111,2,316.8
14923,71.50625,1,52.1
15296,71.5090277777778,4,150.95
15301,71.5854166666667,5,171.64
16170,71.6520833333333,3,55
12685,72.3166666666667,1,6.84
18210,72.3548611111111,1,23.4
17512,72.3569444444445,4,65.2
15006,72.3694444444444,1,0.84
12370,72.38125,3,41.6
12731,72.4243055555555,3,486.3
14306,72.4423611111111,1,37.5
15220,72.4729166666667,1,15.12
16440,72.5055555555556,2,55.75
13849,72.5423611111111,2,42.66
15853,72.5569444444444,1,7.15
12572,72.6527777777778,1,4.68
13032,73.3375,2,34.95
12360,73.3597222222222,1,15.3
14639,73.3708333333333,4,104.8
12759,73.3826388888889,3,53.14
14776,73.3847222222222,2,-0.119999999999999
16730,73.4090277777778,2,28.25
15140,73.4118055555556,2,59.7
13637,73.4361111111111,3,81.8
16910,73.4381944444444,4,21.2
13991,73.4451388888889,2,18.91
16940,73.4479166666667,3,77.65
12611,73.45,1,17.34
16515,73.4513888888889,1,81
16393,73.4701388888889,3,31.76
16249,73.5784722222222,1,14.85
14156,73.5805555555555,20,770.93
14897,73.5875,1,20.85
17679,73.6784722222222,1,59.76
13265,74.3736111111111,3,58.5
14830,74.3965277777778,1,8.25
16363,74.4069444444444,1,15
12463,74.4277777777778,1,15.6
15066,74.4409722222222,1,52.14
13015,74.4451388888889,4,92.34
16412,74.4756944444444,1,3.95
15012,74.4847222222222,1,13.33
17201,74.5034722222222,1,0.81
18042,74.5076388888889,1,71.7
13534,74.5368055555556,8,153.5
13394,74.5715277777778,2,30.12
12475,74.5763888888889,1,15
12526,74.5993055555556,2,30.88
15545,75.4416666666667,1,3.25
16934,75.4722222222222,2,32.01
13034,75.4854166666667,1,15
13878,75.4868055555555,1,13.92
12940,75.49375,1,12.93
16674,75.5201388888889,2,7.45
17837,77.2756944444444,4,22.95
12454,77.2826388888889,1,350.4
15826,77.3305555555555,1,15
12744,77.3791666666667,4,210.56
15132,77.4166666666667,3,152.4
13136,77.4298611111111,1,54.98
13995,77.4618055555556,1,40.2
15620,77.4715277777778,2,22.1
13213,77.5125,3,72.12
12783,77.5125,2,19.98
13047,77.53125,4,80.52
14089,77.5569444444444,1,17
14856,77.6006944444444,1,16.5
16566,77.6055555555556,2,131.56
16950,77.6208333333333,1,23.4
16224,78.25625,4,60
14976,78.3236111111111,1,31.25
17614,78.3326388888889,1,18.72
16570,78.3409722222222,1,20.8
16793,78.3694444444444,1,10.2
12613,78.3756944444444,2,39.3
17181,78.3833333333333,1,1.65
16773,78.3909722222222,1,2.89
15367,78.4097222222222,2,55.6
14234,78.4180555555556,1,5.75
18096,78.4340277777778,2,33.89
16121,78.4590277777778,1,2.1
12876,78.4819444444445,2,72.7
16770,78.4854166666667,3,44.59
17063,78.4958333333333,1,20.8
17279,78.5013888888889,1,3.3
12766,78.5069444444444,3,131.46
12584,78.54375,3,55.5
17169,78.5659722222222,1,6.96
12667,79.2916666666667,1,160
12607,79.3215277777778,2,27.56
17293,79.4013888888889,3,70.55
16753,79.4486111111111,1,18.55
13704,79.4694444444444,4,60.2
16241,79.4868055555555,6,36.1
16607,79.5194444444444,3,30.35
16652,79.6006944444444,4,171.6
15281,79.6180555555556,4,24.81
17489,79.6277777777778,1,16.6
16161,80.2986111111111,9,71.05
13208,80.3159722222222,2,15.9
12948,80.3381944444444,2,32.55
12836,80.3680555555556,3,147.94
12536,80.3805555555556,1,120.06
14624,80.3895833333333,1,17.4
15955,80.3909722222222,2,76.5
16362,80.4020833333333,2,3.75
16120,80.4097222222222,1,28.08
17863,80.4270833333333,1,51
17659,80.45,2,41.45
17888,80.475,2,13.8
17412,80.48125,1,16.5
14175,80.5034722222222,1,91.96
16837,80.5076388888889,4,220.85
13517,80.5118055555556,2,44.82
13971,80.5548611111111,4,83.34
14952,80.5604166666667,4,101.76
18241,80.6048611111111,2,32.85
14744,80.6083333333333,2,24.9
15858,80.6118055555555,2,102.85
16136,80.6180555555556,1,15
17589,81.2930555555556,4,45
15801,81.3458333333333,1,23.5
14535,81.3479166666667,2,91.2
12427,81.3645833333333,2,76.2
13224,81.3784722222222,2,71.25
17284,81.3902777777778,3,31.71
15553,81.4152777777778,1,13.03
13352,81.4201388888889,1,44.8
14451,81.4319444444444,1,4.75
15211,81.4368055555556,2,60.15
17214,81.4465277777778,3,37.45
16395,81.4652777777778,4,75.82
18126,81.4868055555555,1,1.65
14128,81.5,2,48
14665,81.5041666666667,3,39.45
16960,81.5090277777778,2,8.79
17425,81.5159722222222,1,20.8
13373,81.5479166666667,2,40.45
14297,81.5520833333333,1,30.6
13756,81.5631944444444,2,57.64
16921,82.3180555555556,1,1.66
14514,82.3298611111111,2,11.7
15606,82.3423611111111,3,100.8
14801,82.3583333333333,1,0.42
16518,82.3722222222222,1,23.6
13193,82.3958333333333,1,1.65
17790,82.4013888888889,3,51.77
14040,82.4180555555556,4,33.53
18088,82.4298611111111,1,0.78
15756,82.4375,3,12.3
13260,82.44375,1,79.6
16595,82.4479166666667,1,9.87
16918,84.33125,3,17.61
17509,84.3743055555556,4,72.45
14029,84.3847222222222,1,9.36
16900,84.4465277777778,1,13.8
15815,84.4708333333333,1,25.2
15874,84.4784722222222,2,45.5
16455,84.4881944444444,1,17.7
17228,84.5451388888889,3,35.01
16358,84.5486111111111,2,40.32
12740,84.5527777777778,1,7.8
14067,84.56875,1,3.75
16477,84.5944444444444,3,49.2
13359,84.6041666666667,1,10.2
15365,85.1729166666667,2,66
17231,85.1743055555555,5,54.35
12679,85.1833333333333,2,19.6
14959,85.2340277777778,1,15
14141,85.2402777777778,2,13.75
16653,85.3006944444444,2,13.71
13023,85.3145833333333,2,31.85
12923,85.3194444444444,1,1.25
12627,85.3395833333333,4,64.5
12757,85.3819444444444,3,18.46
12939,85.3951388888889,1,390
13771,85.4048611111111,1,17
14116,85.4270833333333,1,15.3
13422,85.4291666666667,1,29.9
12626,85.4375,7,129.33
17428,85.4395833333333,9,705.21
16895,85.4895833333333,1,1.07
14849,85.525,7,145
12431,85.6034722222222,2,34.8
18033,86.2722222222222,1,0.85
17735,86.3583333333333,8,263.19
15687,86.4145833333333,2,39
17222,86.4180555555556,1,3.75
17521,86.4291666666667,1,13.52
15244,86.4451388888889,1,48.94
14099,86.4555555555555,4,60.07
12415,86.4694444444444,8,2874.4
13808,86.5020833333333,1,51
13483,86.5048611111111,1,10.08
12828,86.5465277777778,1,25
17739,86.5569444444444,2,33.15
15127,86.5625,1,40.2
12720,86.5951388888889,4,88
15276,87.30625,1,1.04
13792,87.3951388888889,1,10.2
13317,87.4340277777778,1,17.7
14057,87.46875,5,122.77
14184,87.4701388888889,1,14.94
16186,87.5027777777778,3,120.05
12989,87.5909722222222,1,566.4
16253,87.61875,2,101.9
17381,87.6465277777778,2,430.2
13297,88.3694444444444,1,15
18257,88.3798611111111,1,17.85
15930,88.3805555555556,1,29.7
12637,88.4263888888889,4,161.86
16875,88.43125,1,36.7
17652,88.45625,3,53.52
14360,88.4673611111111,2,33.6
16205,88.4972222222222,1,20.95
17321,88.5180555555555,1,1.25
13635,88.5451388888889,1,32
16747,88.5708333333333,1,9.96
14092,88.5729166666667,7,176.1
12886,88.5770833333333,1,16.5
13344,88.5944444444444,2,35.4
14644,88.6458333333333,2,43.8
16667,89.3569444444445,2,7.65
13379,89.3625,2,21.03
16533,89.3701388888889,1,2.95
15547,89.3840277777778,4,25.75
14051,89.3909722222222,2,85.8
15701,89.4166666666667,1,4.95
15906,89.4263888888889,1,31.84
15579,89.46875,1,5.96
14533,89.4847222222222,3,71.16
15164,89.4965277777778,3,36.3
13681,89.5131944444445,1,41.25
16923,89.5451388888889,4,72.65
16404,91.3784722222222,1,17
15185,91.4125,1,15.6
13764,91.4979166666667,2,20.4
16101,91.5708333333333,1,49.8
17725,91.59375,4,86.5
12676,91.6076388888889,1,35.4
17552,92.2145833333333,1,10.08
16268,92.2291666666667,1,48.83
17015,92.2666666666667,2,62.57
15949,92.2680555555555,1,15
16233,92.2729166666667,1,17.34
18204,92.3027777777778,3,51.95
15933,92.3041666666667,1,13.2
17373,92.3888888888889,1,11.8
16574,92.43125,1,15
15370,92.4340277777778,1,11.7
13354,92.4465277777778,1,20.28
16059,92.5173611111111,2,27.4
14475,92.5513888888889,2,57.5
18192,92.5881944444444,1,39.6
16650,92.5895833333333,1,15
17894,92.6090277777778,4,31.55
13985,92.6298611111111,3,54.64
16909,93.3020833333333,1,9.36
16332,93.3305555555555,2,23
17950,93.3625,1,3.16
16321,93.3784722222222,1,39.6
13139,93.4493055555556,3,144.6
14978,93.4534722222222,3,51.6
16460,93.4847222222222,2,7.87
17469,93.5541666666667,2,52.6
16354,94.3138888888889,1,4.95
15827,94.3506944444444,4,75.65
15674,94.3631944444444,1,47.4
15061,94.4118055555556,5,848.9
13016,94.4118055555556,1,81.6
13979,94.4361111111111,1,25.2
17656,94.4555555555555,2,36.3
13555,94.4819444444445,1,35.1
12987,94.4979166666667,1,25.5
18278,94.5013888888889,1,15
14419,94.5229166666667,1,3.3
16145,94.5652777777778,4,101.67
15745,94.5666666666667,2,31.37
13314,94.5694444444444,1,9.96
14321,94.6083333333333,3,35.28
15755,95.3395833333333,2,48.64
14473,95.3680555555556,1,38.16
15492,95.4152777777778,1,37.14
13200,95.4166666666667,1,17.4
17389,95.4340277777778,3,286.5
13233,95.4409722222222,1,9.36
16383,95.46875,2,6.32
13867,95.4840277777778,1,27.9
13410,95.5145833333333,1,38.52
17705,95.5152777777778,3,69.3
12925,95.5381944444444,1,54.48
14806,96.3527777777778,1,36
13670,96.3576388888889,1,15
15366,96.3743055555556,1,10.5
14712,96.3763888888889,1,59.4
16198,96.3763888888889,1,0.001
17107,96.3909722222222,3,239.18
17154,96.4291666666667,1,18.72
18155,96.4361111111111,1,15
15799,96.4680555555556,2,22.65
14540,96.4763888888889,1,9.7
13787,96.4958333333333,2,24.95
16480,96.5138888888889,1,10.35
14005,96.5215277777778,1,15
17411,96.55,1,16.5
16872,98.3298611111111,1,49.95
15807,98.3868055555556,1,16.5
14529,98.425,2,4.8
18188,98.4597222222222,1,10.2
13097,98.4597222222222,5,169.6
18189,98.4722222222222,1,17
15075,98.48125,1,9.36
15763,98.4930555555556,1,15.95
17480,98.5145833333333,1,17.4
14215,98.5527777777778,2,37.2
13127,98.5652777777778,1,40
17416,98.5659722222222,3,118.15
13949,98.5736111111111,2,71.59
13430,98.6138888888889,2,1.74
12425,99.2701388888889,1,19.8
12579,99.28125,1,19.8
14113,99.3013888888889,1,204
17163,99.3375,1,59.4
12906,99.3729166666667,1,41.4
13055,99.3993055555556,2,28.3
16813,99.4236111111111,7,40.42
15484,99.4368055555556,1,23.19
12854,99.4895833333333,3,91.5
16735,99.5076388888889,2,27.75
12657,99.5138888888889,1,19.92
14261,99.5506944444444,1,15
12409,99.5569444444444,2,521.4
15239,99.5881944444444,1,15
14887,100.352777777778,1,358
12520,100.359027777778,2,36.84
13959,100.370833333333,1,5
16627,100.390277777778,1,17
12550,100.392361111111,1,51.3
17865,100.41875,5,1.26000000000001
15737,100.441666666667,1,17.4
17415,100.465277777778,1,17.4
13908,100.507638888889,1,16.8
16493,100.534722222222,2,55.2
14211,101.340972222222,2,45.8
12352,101.393055555556,2,47.15
16464,101.429166666667,2,15.9
13448,101.463194444444,1,0.95
16700,101.603472222222,6,113.86
15201,102.310416666667,2,9.3
12752,102.436111111111,1,102
12497,102.479861111111,1,52.5
14934,102.576388888889,1,25.5
12379,102.577083333333,2,38.14
18094,102.60625,1,90
12562,102.614583333333,3,107.2
16370,103.336805555556,2,10.33
13566,103.472222222222,1,5.2
13247,103.520138888889,1,52.02
15947,103.551388888889,1,34
15099,105.449305555556,1,8.4
17144,105.465277777778,1,17.4
13196,105.466666666667,2,28.2
12434,105.473611111111,2,31.8
17068,105.484722222222,7,188.85
16108,105.508333333333,1,24.96
15498,105.581944444444,9,94.6
13141,105.5875,3,45.3
16350,106.215972222222,2,59.8
16293,106.321527777778,2,4.1
17576,106.354861111111,6,64.4
16156,106.376388888889,1,19.8
15466,106.411111111111,1,15
17047,106.439583333333,2,56.76
17002,106.472222222222,2,42.3
14227,106.51875,4,71.9
13104,106.527777777778,1,15
13134,106.559027777778,1,17
13518,106.563194444444,1,40.4
13539,106.570833333333,2,26.7
17961,106.581944444444,3,26.1
13107,106.596527777778,1,51
15322,106.601388888889,1,34.68
15380,107.346527777778,1,91.8
17033,107.393055555556,1,23.4
15841,107.447916666667,1,25
15021,107.45,4,20.77
17347,107.45,1,228.96
14284,107.455555555556,1,14.85
13634,107.470833333333,2,3.75
16401,107.506944444444,3,92.4
15105,107.513194444444,2,105.36
17193,107.555555555556,1,99.6
13860,107.60625,1,30
13384,108.424305555556,2,144.3
16081,108.425694444444,2,116.25
12822,108.426388888889,1,46.71
17037,108.465972222222,1,45.6
12909,108.484722222222,2,55.5
17092,108.49375,2,16.25
18044,108.505555555556,2,66.75
16814,108.571527777778,5,99.85
13880,108.592361111111,2,30.24
15673,109.325,3,68.65
14020,109.352777777778,1,10.2
17071,109.353472222222,4,87.55
17433,109.4,1,8.7
13309,109.40625,2,60.54
17919,109.429861111111,1,340.8
16141,109.450694444444,1,14.94
17685,109.48125,2,149.1
13743,109.486805555556,2,83.4
15971,109.550694444444,1,20.8
15980,109.597916666667,1,199.2
15865,109.598611111111,1,10.08
12997,109.65,2,74.04
13611,110.38125,2,35.55
16796,110.415972222222,1,15
13450,110.416666666667,2,40.5
14250,110.427777777778,1,20.04
13372,110.468055555556,1,61.5
16107,110.497916666667,1,99
15035,110.536111111111,1,0.83
12635,110.538888888889,1,42.36
13408,110.547222222222,7,278.4
14258,110.554166666667,3,248.1
16899,110.559027777778,2,6
14915,112.434722222222,2,30.38
12787,112.483333333333,1,42
13145,112.576388888889,1,25.92
13441,112.598611111111,1,47.2
14522,113.347916666667,1,81.12
17997,113.363888888889,3,22.88
13814,113.425,1,90
16031,113.453472222222,2,14.08
17004,113.488888888889,1,100.8
13700,113.496527777778,3,57.6
13577,113.511111111111,1,20.8
13305,113.581944444444,2,44.85
17567,113.583333333333,4,103.8
15298,113.627777777778,3,50.52
14530,114.461805555556,3,106.92
14334,114.545138888889,4,109.2
13210,114.654166666667,1,12.5
14208,115.466666666667,1,17.9
16400,115.48125,1,12.75
17716,115.5,2,42.6
15671,115.546527777778,3,60.36
13211,116.266666666667,1,39.6
18196,116.318055555556,2,9.2
12616,116.363194444444,3,-1.35
13192,116.407638888889,1,30.6
16820,116.495833333333,1,37.9
12502,116.505555555556,2,65
16255,116.572916666667,2,19.8
13931,116.575,1,47.94
14129,116.590972222222,1,17.7
13748,116.59375,1,34.8
16843,116.608333333333,5,114.18
14565,116.620138888889,2,56
15136,117.329861111111,1,20.8
17722,117.359722222222,3,46.4
13548,117.381944444444,1,4.25
17050,117.425,3,35.1
14965,117.447916666667,1,18.56
12851,117.471527777778,1,0.12
12710,117.5,1,13.2
16761,117.53125,1,15
16983,117.541666666667,1,7.47
14171,119.303472222222,1,3.9
13507,119.34375,3,68.72
16745,119.451388888889,3,27.15
12483,119.5125,2,32
16013,119.518055555556,2,1347
13643,119.554166666667,2,42.5
12739,120.260416666667,1,10
13470,120.377083333333,1,16.5
13458,120.468055555556,4,86.45
12436,120.49375,1,39.6
16180,121.313888888889,2,177.35
16780,121.327083333333,1,5.9
14525,121.397222222222,4,101.43
12560,121.472916666667,2,5.83
18198,121.506944444444,2,49.5
12678,121.526388888889,2,260.71
16842,121.554166666667,2,40.7
15866,122.410416666667,1,4.65
14078,122.488888888889,2,82
14108,122.519444444444,1,12.7
13870,122.519444444444,2,30
12708,122.65625,3,42.2
14869,124.327083333333,1,26.94
16806,124.35625,1,1.25
14044,124.389583333333,3,11.3
16816,124.405555555556,1,19.8
16456,124.495833333333,2,51.6
15325,124.503472222222,1,4.06
16768,124.553472222222,2,6.35
14135,126.386111111111,2,187.84
15641,126.413888888889,4,60
13527,126.443055555556,2,26.4
14837,126.458333333333,3,57.9
14210,126.475,1,29.7
15811,126.599305555556,1,35.4
18200,127.21875,1,9.9
16670,127.276388888889,5,145.42
16309,127.350694444444,2,38.01
12624,127.372222222222,1,17.7
14055,127.372222222222,1,68
17719,127.402083333333,2,32
16628,127.492361111111,2,33.9
13320,127.493055555556,2,56.4
16503,127.509722222222,3,70.2
15263,127.565277777778,1,10.9
16340,128.379861111111,1,6.73
15939,128.384722222222,2,290.68
15800,128.400694444444,2,27.4
15812,128.403472222222,2,25.45
12695,128.459722222222,1,27.75
14299,128.504166666667,1,25.08
13425,129.282638888889,1,36.25
17315,129.322222222222,8,62.55
17242,129.378472222222,1,16.5
16794,129.422916666667,3,8.69
14404,129.530555555556,1,10.2
16550,129.533333333333,4,83.2
14930,129.563194444444,2,39.9
17702,129.598611111111,1,20.8
17676,130.400694444444,2,28.9
17160,130.436111111111,2,25
12935,130.484722222222,3,70.8
14282,130.539583333333,3,83.1
18144,130.610416666667,3,113.4
16536,131.3375,1,10.4
14246,131.506944444444,2,107.7
14566,131.538194444444,1,358
16122,133.570833333333,1,28.68
14745,133.579861111111,2,71.5
17720,134.311111111111,1,19.8
15472,134.363194444444,1,12.65
17001,134.36875,3,108.9
17736,134.39375,1,25
12729,134.513888888889,1,25.2
13113,134.576388888889,3,15.65
13014,134.579166666667,1,17.85
16945,134.624305555556,1,20.8
12688,134.632638888889,1,85.24
16734,135.375,1,7.5
13655,135.399305555556,1,4.56
16755,135.44375,2,42.5
12473,135.497222222222,2,112.68
15734,135.548611111111,1,17.34
14414,135.577777777778,2,35.22
17097,136.347916666667,2,9.2
16523,136.39375,3,77.4
14232,136.463888888889,2,41.76
16131,136.477777777778,2,150.2
16470,136.513888888889,3,9.6
16303,136.538888888889,1,44.7
15002,136.552777777778,2,22.74
15480,137.394444444444,1,52.35
16902,137.404861111111,1,50
13940,137.467361111111,2,24.3
13720,137.468055555556,2,32.7
13799,137.495138888889,1,17.4
12758,137.568055555556,1,17
13621,137.648611111111,1,25
15376,138.347916666667,1,6.3
14301,138.352083333333,1,45.9
13515,138.44375,2,40.8
15683,138.461111111111,1,10.2
16115,138.461805555556,2,16.2
17516,140.381944444444,2,15.1
16209,140.399305555556,1,15
16045,140.471527777778,3,38.4
14790,140.489583333333,1,8.5
15249,140.536111111111,4,54.62
12381,140.585416666667,1,15
12994,141.290277777778,2,51
18235,141.336111111111,2,35.35
18093,141.393055555556,2,98.46
17248,141.434722222222,1,6.3
12993,141.499305555556,1,15
16283,141.5,2,23.7
14291,141.545138888889,2,34.96
14462,141.585416666667,3,31.65
14346,141.592361111111,1,10.4
16996,142.393055555556,2,65.1
13925,142.471527777778,2,64.75
13162,143.334027777778,1,23.7
13280,143.448611111111,2,19.9
14626,143.569444444444,1,17.7
17554,143.572222222222,2,64
14257,144.350694444444,3,81.18
16788,144.379861111111,1,9.95
13869,144.421527777778,1,34.7
14748,144.480555555556,2,45.9
16458,144.486111111111,3,50.1
12530,144.542361111111,1,15
15518,145.452777777778,1,4.95
15058,145.553472222222,5,72.02
17400,147.348611111111,1,28.5
15505,147.370138888889,2,85.5
16818,147.479166666667,2,45
15251,148.194444444444,1,83.4
14713,148.219444444444,4,22.55
12931,148.245833333333,1,305.28
12693,148.25625,1,17
18109,148.273611111111,6,136.45
17267,148.278472222222,1,10.8
18172,148.321527777778,4,180.18
18099,148.338888888889,1,3.36
12689,148.580555555556,1,12.6
15152,149.365277777778,3,44.5
13851,149.411805555556,1,10.08
17731,149.43125,3,23.34
16102,149.465277777778,1,13.2
16012,149.511111111111,2,35.85
16419,149.592361111111,3,60.34
18178,149.604166666667,3,82.58
13186,149.61875,1,55.68
17887,150.271527777778,1,2.95
13850,150.413888888889,1,41.6
12378,150.559722222222,1,13.2
16984,151.265972222222,1,25.4
14937,151.405555555556,1,39
12749,151.466666666667,2,41.9
13167,151.491666666667,1,1.25
14408,151.525694444444,3,96.6
13184,151.536111111111,4,19.49
12534,151.565277777778,1,13.2
16655,152.353472222222,1,11.69
12456,152.357638888889,2,18.58
15819,152.359722222222,3,77.5
12942,152.389583333333,2,16.93
13722,152.470138888889,1,33.2
13316,152.508333333333,1,2.95
13138,154.434722222222,2,32.4
12716,154.438888888889,1,14.5
13575,154.522222222222,1,19.8
15245,155.211111111111,2,35.65
12830,155.279861111111,1,51.84
12507,155.285416666667,1,0
15189,155.296527777778,2,204
12743,155.31875,2,5.2
14002,155.336805555556,1,15.8
15329,155.353472222222,2,34.3
14855,155.495833333333,1,10.2
12853,155.526388888889,1,46
14243,155.549305555556,2,8.3
12397,156.402083333333,1,5.04
14305,156.406944444444,1,53.1
14680,156.445833333333,6,321.1
13824,156.609722222222,1,15.6
13730,156.642361111111,1,44.08
13090,157.38125,1,256.5
13492,157.399305555556,1,47.7
15513,157.497916666667,6,169.15
13930,157.541666666667,1,30
15855,157.569444444444,4,30.4
17734,157.611111111111,1,17.85
18180,157.63125,1,19.8
16364,158.392361111111,1,24.15
16841,158.454166666667,1,16.2
17649,159.338194444444,1,15
13116,159.39375,1,19.9
16710,159.402083333333,3,18.96
14443,159.513888888889,2,34.8
13802,159.545833333333,1,246.76
17265,159.549305555556,2,18.05
18150,161.345138888889,1,12.6
12438,161.438194444444,1,20.08
15232,161.485416666667,1,30
15106,162.290277777778,2,22.86
13562,162.366666666667,1,15
13157,162.393055555556,1,15.12
17660,162.432638888889,1,1.25
17935,162.525694444444,1,3.75
14755,163.344444444444,2,57.72
17962,163.405555555556,1,1.95
16807,163.5,2,25.1
12521,163.547916666667,1,22.38
12510,163.572916666667,1,162.72
12664,164.470138888889,1,19.8
17779,164.486805555556,1,12.75
16128,164.486805555556,1,20.4
15727,164.502083333333,1,9.9
17593,165.563888888889,1,10.5
13821,165.590972222222,1,18.75
17984,166.334027777778,1,1.45
14198,166.342361111111,1,19.9
17774,166.477777777778,1,6.58
12600,166.546527777778,2,50.7
14572,168.329166666667,3,39.64
14722,168.376388888889,1,5.04
14958,168.402777777778,1,7.65
15004,168.413194444444,1,10.05
14907,168.564583333333,4,70.44
13933,169.434027777778,1,17.4
12388,169.438888888889,3,63.6
15256,169.509027777778,1,14.75
17396,169.569444444444,1,1226.4
17738,169.609722222222,1,20.8
14265,169.618055555556,1,27.9
12405,169.630555555556,1,69.72
13667,170.345833333333,1,6.29
16225,170.4875,1,10.45
13911,170.577083333333,4,76.9
15544,171.340972222222,3,41.72
17966,172.355555555556,2,25.1
15265,172.384722222222,1,19.8
12556,172.434027777778,1,1.25
16572,172.436111111111,2,29.6
16701,172.445138888889,4,142.96
13675,172.460416666667,1,16.08
14552,172.465972222222,1,1.95
17164,172.467361111111,2,32.55
15467,173.3875,1,2.5
17126,173.436111111111,2,18.84
15920,175.357638888889,2,11.05
13769,175.430555555556,2,14.95
18121,175.490277777778,1,5.95
15416,176.229861111111,3,78.9
13486,176.278472222222,1,11.4
14459,176.434027777778,1,25.2
13158,176.454861111111,2,46.06
17892,176.461111111111,1,1.65
13291,176.558333333333,1,5.95
18263,176.580555555556,1,15
17404,177.404861111111,1,17.34
15334,177.526388888889,3,18.35
15889,177.534722222222,2,23.65
13198,177.549305555556,3,43.2
12407,177.590972222222,2,39.02
14645,177.614583333333,2,54.4
18142,178.445138888889,2,284.64
14905,178.471527777778,1,70.8
14235,178.54375,3,149.3
13338,178.620833333333,1,56.4
12705,179.391666666667,4,230.04
17464,179.445138888889,1,38.25
14145,179.459722222222,1,297
13901,179.482638888889,1,94.2
15007,180.333333333333,1,9.95
17105,180.338194444444,2,18.32
17312,180.45,1,0.95
12843,180.485416666667,3,75.15
14016,182.521527777778,2,47.4
17667,182.592361111111,1,39.6
17891,183.161111111111,1,1.25
17921,183.238194444444,2,10
13745,183.303472222222,1,15
14803,183.418055555556,1,4.95
17949,183.469444444444,1,-835.2
16556,183.490277777778,2,60.5
12424,183.495833333333,1,88.5
16966,184.496527777778,2,75.25
14383,184.570833333333,1,10.4
13614,185.376388888889,1,28.13
14854,185.377083333333,1,-4.15
16824,185.433333333333,1,22.5
15146,185.49375,2,63.4
14481,185.556944444444,1,36.3
15304,185.653472222222,1,25.5
14167,186.301388888889,1,17
18073,186.391666666667,2,27.6
15976,186.458333333333,2,6.55
12493,186.571527777778,2,37.3
13453,186.601388888889,1,15.9
15644,187.379166666667,1,4.2
15665,189.377083333333,2,65.4
15850,189.405555555556,1,0.42
12422,189.444444444444,1,60.9
15258,189.479166666667,1,24.9
15128,189.514583333333,2,34.6
17979,189.552777777778,2,12.9
16175,190.209027777778,1,11.9
14825,190.254861111111,1,35.65
12412,190.422916666667,1,16.6
14656,190.422916666667,2,17.7
13300,190.452083333333,1,20.8
15253,190.486805555556,1,13.2
16647,190.509027777778,1,19.5
16258,190.540972222222,1,11.7
12919,190.609722222222,1,31.5
16247,191.400694444444,1,4.95
14214,191.417361111111,1,5.04
17877,191.458333333333,1,11.9
14463,191.561805555556,1,178.5
13750,192.365972222222,1,12.75
13178,192.379861111111,4,177.75
17960,192.40625,1,0.42
16394,192.443055555556,3,75.84
15507,192.528472222222,1,3.25
12432,193.439583333333,1,105
17857,193.483333333333,2,909
15016,193.495833333333,1,10.08
15840,193.5125,1,33.72
17897,193.525694444444,2,10.85
15921,193.539583333333,1,16.6
17444,193.622222222222,1,25.08
15076,193.650694444444,1,10.2
17299,194.330555555556,1,10.5
15535,194.331944444444,3,9.15
18062,194.384027777778,1,33
13568,194.3875,1,1.95
16880,194.459722222222,1,5
16050,194.511111111111,1,15.9
16805,194.525694444444,1,2.83
13005,194.546527777778,1,15.3
17204,196.385416666667,2,78.75
16869,196.457638888889,1,1.65
16172,196.515277777778,2,55.78
12408,196.547916666667,3,114.35
14107,197.300694444444,4,72.4
17642,197.461805555556,1,42.1
13082,197.570833333333,2,33
14844,197.605555555556,1,24.96
17490,197.614583333333,1,10.2
14222,198.304166666667,1,25.84
15625,198.322916666667,1,-1.25
15864,198.350694444444,1,171.84
15036,198.434027777778,1,9.81
12809,198.547916666667,1,4.68
14997,199.297222222222,1,9.36
17749,199.34375,1,9.96
14461,199.447916666667,1,5.1
14871,199.455555555556,1,11.25
16919,199.504861111111,6,74.58
17236,200.342361111111,2,3.6
14841,200.378472222222,2,42.4
14719,200.463888888889,1,1.65
15491,200.507638888889,3,42.15
13936,200.634027777778,1,4.68
17802,201.377083333333,1,14.94
17289,201.422916666667,1,7.5
16938,201.446527777778,1,21.21
12516,201.515972222222,1,41.6
14878,201.523611111111,2,16.15
14276,201.586111111111,1,19.8
15098,203.353472222222,1,-38970
14401,203.38125,2,24.12
12840,203.563194444444,2,61.2
17064,203.565277777778,1,19.8
15267,203.566666666667,1,148
16581,203.579861111111,1,20.7
12694,204.258333333333,1,51
13538,204.398611111111,1,47.7
17522,204.400694444444,2,86.6
12947,204.569444444444,3,65.25
13811,204.5875,1,66
13741,204.671527777778,1,13.9
17360,205.285416666667,1,10.32
13466,205.30625,1,15.3
15400,205.447916666667,2,130.4
12901,205.460416666667,3,331.8
15764,205.4625,2,65.25
17828,205.645138888889,1,15.3
16218,206.355555555556,2,27.64
14880,206.439583333333,1,15
18072,206.552777777778,1,9
13327,206.629166666667,1,10.2
17252,207.304861111111,1,10.55
16611,207.343055555556,1,12.5
15386,207.425694444444,1,20.16
18248,207.445833333333,1,15
16612,207.515972222222,2,39.3
16235,207.523611111111,1,19.8
15349,208.343055555556,1,6.95
16963,208.425,1,32.7
14621,208.454861111111,2,44.85
15108,208.464583333333,1,10.2
12980,208.556944444444,1,629.1
16967,210.4,1,15
12359,210.481944444444,2,27.2
14700,210.500694444444,1,16.5
12601,210.571527777778,1,18
16239,210.604166666667,1,50
12775,210.675,4,122.75
17133,211.384722222222,1,266.4
14453,211.40625,1,8.4
16672,211.438194444444,4,273.6
15838,211.468055555556,1,34.56
14389,211.497222222222,1,15.3
15918,211.5125,1,8.85
13334,211.51875,2,48.75
16348,212.2625,3,6.4
17472,212.377083333333,2,6.3
13475,212.422222222222,4,98.9
12423,212.606944444444,2,49.26
13505,213.346527777778,2,83.6
16810,213.352777777778,1,10.2
13481,213.356944444444,1,20.8
18231,213.404166666667,3,81.26
12790,213.406944444444,1,13
16483,213.452777777778,1,5.85
16889,215.538194444444,2,38
14031,217.281944444444,2,279.96
16034,217.321527777778,1,19.8
14560,217.333333333333,1,49.75
14625,217.352777777778,2,36.5
15402,217.436111111111,1,3.9
16275,217.471527777778,1,25.5
12633,217.563194444444,1,25.2
17042,217.572916666667,2,41.81
14740,218.238194444444,2,47.7
14584,218.3125,1,7.5
16092,218.354166666667,2,47.7
17550,218.415972222222,1,9.9
12547,218.473611111111,2,40.8
14336,219.386111111111,2,81.48
14985,219.396527777778,2,15.2
16763,219.505555555556,1,28.2
14738,220.279166666667,1,17.4
17375,220.34375,1,4.95
17058,220.423611111111,1,11.9
18202,220.491666666667,2,32.7
16709,220.510416666667,1,153
13842,220.548611111111,3,45.15
15796,221.297222222222,2,64.65
13737,221.311111111111,1,9.95
15434,221.404166666667,1,60
14817,221.434027777778,2,83.2
13831,221.440972222222,1,32.45
15046,221.454861111111,2,31.05
15563,221.511111111111,1,30
13885,221.630555555556,1,15.8
13339,221.645138888889,1,34.8
14921,222.464583333333,1,32.58
15716,222.465972222222,3,36.35
18125,222.50625,2,11.75
13227,222.509027777778,1,30
14195,222.563194444444,1,91.8
15237,224.384027777778,2,57.5
16497,224.419444444444,1,5.04
17591,224.447222222222,3,72.05
13243,224.448611111111,1,4.16
15768,224.563194444444,1,14.85
16146,224.639583333333,2,45
18168,225.206944444444,3,18.72
15648,225.338194444444,1,58
16463,225.385416666667,1,25.5
13591,225.418055555556,1,36.42
15599,225.454861111111,1,45.36
17871,225.519444444444,1,33
13627,225.592361111111,2,34.65
15116,225.631944444444,1,54.75
13258,226.450694444444,1,35.7
16553,226.459722222222,1,102
13659,226.474305555556,2,17.05
13572,226.500694444444,1,42.7
17505,226.624305555556,1,19.8
14239,227.509722222222,2,89.2
17147,227.54375,1,5.04
17898,228.282638888889,1,0.85
14888,228.376388888889,1,15
14489,228.38125,1,20.8
14038,228.413194444444,1,41.56
16912,228.553472222222,1,19.5
13232,229.477083333333,1,0.55
17061,231.377083333333,1,175.2
14873,231.422222222222,1,15
17398,231.471527777778,1,13.2
17765,231.476388888889,2,29.4
12770,231.602083333333,1,82.5
17337,232.157638888889,4,36.68
13601,232.297222222222,1,3.3
14651,232.313194444444,1,15.85
18221,232.407638888889,1,19.8
16743,232.460416666667,3,20.38
18218,232.463194444444,1,145
14988,232.496527777778,1,1.25
16116,232.499305555556,1,15.3
12625,232.5875,1,5.04
16985,232.61875,1,25.2
13235,233.282638888889,1,28.6
16644,233.463194444444,1,24.3
15079,233.469444444444,1,8.3
14149,233.476388888889,1,-4.68
14573,233.477777777778,3,16.7
14920,233.561805555556,1,35.6
14691,233.586805555556,1,11.9
17634,233.643055555556,3,41.15
16320,234.353472222222,1,36
13990,234.361805555556,1,35.7
12712,234.384722222222,2,70.9
16431,234.410416666667,1,13.95
13012,234.435416666667,1,16.5
17597,234.504166666667,1,30.6
17504,234.527083333333,1,-33.9
17629,235.480555555556,2,30.51
15596,235.581944444444,1,19.8
16756,235.602083333333,1,17.7
14341,236.364583333333,1,17.25
14224,236.411111111111,1,15.3
13642,236.476388888889,1,12.9
16928,236.502777777778,3,42.15
14161,236.513194444444,1,12.85
16621,236.553472222222,1,17.7
15552,238.384027777778,1,7.5
17604,238.428472222222,1,19.5
18227,238.484027777778,1,15
13001,238.553472222222,3,56.05
15062,238.570138888889,2,35.4
17423,238.615277777778,1,13.5
13952,238.625,2,51
15125,239.252083333333,2,30.78
14697,239.347916666667,1,11.7
14199,239.427777777778,1,10.2
18239,239.473611111111,1,17.85
14515,239.490972222222,1,5.1
17429,239.588194444444,1,20
13762,239.614583333333,1,30
13873,239.615972222222,1,15.8
14173,240.414583333333,1,7.5
17646,240.446527777778,2,15.07
14307,240.585416666667,3,55.05
15582,241.433333333333,1,17.7
16055,241.606944444444,1,19.8
14022,246.389583333333,1,30.6
15622,246.434027777778,2,16.65
15508,246.436805555556,1,3.48
15952,246.461805555556,1,6.8
15891,247.475694444444,1,35.58
12573,248.338888888889,1,1.25
16823,248.375,1,24.15
13092,248.440972222222,1,15
15581,248.454861111111,2,10
14512,253.204861111111,1,5
14231,253.243055555556,1,20.8
12622,253.30625,1,10.2
17179,253.307638888889,2,41.65
16587,253.339583333333,1,17.7
16185,253.500694444444,1,15.9
18177,254.357638888889,1,6.25
15517,254.415277777778,1,5.25
13485,254.418055555556,1,14.75
12585,255.43125,2,27.6
13376,255.45625,1,35.7
17746,255.523611111111,2,8.65
17054,256.394444444444,2,31.5
16399,256.426388888889,1,10.5
18116,256.446527777778,3,2.62
17697,257.347222222222,1,19.5
17320,257.410416666667,1,15.9
13474,257.421527777778,1,14.2
17582,257.445833333333,1,9.9
14524,257.463194444444,3,30.5
16193,257.510416666667,1,25
15985,257.538888888889,1,25
13048,259.436805555556,1,12.5
13993,259.475694444444,2,55.35
12769,259.565972222222,1,56.4
14105,260.251388888889,1,17
14206,260.306944444444,1,30
14154,260.334722222222,1,23.6
17362,260.386805555556,1,5
16933,260.435416666667,1,19.9
15935,260.439583333333,1,15.8
15147,261.335416666667,1,20.4
14834,261.375,1,69
13122,261.408333333333,1,30.6
17180,262.321527777778,1,3.4
14669,262.511805555556,3,32.01
12910,262.582638888889,1,30.6
12982,263.50625,1,23.4
14339,263.5375,1,27.8
16188,263.594444444444,1,17.4
15780,263.6125,1,13.2
14286,263.655555555556,1,15.3
13956,264.330555555556,1,8.5
15655,264.357638888889,1,17.85
18129,264.405555555556,1,12.75
13570,264.433333333333,1,5.9
12447,264.440972222222,1,23.4
13606,264.463888888889,1,1.25
17940,266.404861111111,2,-1781.46
12356,266.477083333333,2,80.96
12717,266.561111111111,1,12.6
12999,266.565277777778,1,10.2
17928,267.247916666667,1,3.75
14465,267.473611111111,2,6.3
12580,267.566666666667,1,19.8
17618,269.453472222222,1,30
16906,269.479166666667,1,2.95
12669,269.59375,2,1151.6
12779,269.636805555556,4,144.2
14747,270.410416666667,1,17.7
15289,270.469444444444,1,90
17648,270.563194444444,1,15.9
16010,271.515972222222,1,9.2
13124,273.376388888889,2,65.4
13418,273.403472222222,2,67.08
14970,273.435416666667,1,67.5
14852,273.443055555556,1,17.4
13636,273.49375,1,14.85
15197,273.506944444444,1,17.7
18230,273.520138888889,1,17.4
13462,273.527777777778,1,16.8
14886,273.627777777778,1,16.5
16801,274.501388888889,2,-1.1
16398,274.598611111111,1,82.52
15424,275.458333333333,1,15
18179,275.470138888889,2,30
15353,275.489583333333,1,9.75
13439,276.402777777778,1,5.9
17931,276.478472222222,1,10.5
13037,277.345833333333,1,15
14538,277.377083333333,1,53.1
12481,277.417361111111,2,89.52
13368,277.584027777778,1,38.8
16245,277.604166666667,1,30.3
16638,278.346527777778,1,59.4
16777,278.393055555556,1,12.85
13357,278.419444444444,1,8.85
15045,278.511111111111,1,175.2
15465,278.570833333333,1,23.8
18078,280.369444444444,1,11.8
12545,280.497222222222,1,34.9
16029,280.548611111111,2,2402.88
13468,280.554166666667,3,48.4
14348,281.317361111111,1,17.4
16769,281.429861111111,1,17.7
14256,281.446527777778,1,45
16022,281.447222222222,1,4.95
14223,281.574305555556,1,-15.9
17491,281.590277777778,1,30.6
13341,281.590277777778,1,16.5
12811,281.595833333333,2,50.4
13035,281.610416666667,1,35.4
17486,282.416666666667,1,7.8
12604,282.495833333333,1,13.2
12399,282.595833333333,1,20.4
18183,282.623611111111,1,-2.95
16948,282.648611111111,1,49.05
15457,283.353472222222,1,2.55
15437,283.450694444444,1,6.85
17585,284.311111111111,2,20.8
16791,284.404166666667,2,4.15
14245,284.554861111111,1,19.8
18224,284.5625,1,23.8
13934,284.639583333333,1,9.95
13592,285.415972222222,1,15
12902,285.495833333333,1,15
13725,285.511805555556,2,29.5
13593,285.574305555556,2,31.8
14633,287.286805555556,1,14.85
14155,287.407638888889,1,17.85
12878,287.415277777778,1,15
15483,287.481944444444,1,3.22
16256,287.4875,1,69.12
16217,288.228472222222,1,-26.1
13707,288.247916666667,2,27.6
12514,288.306944444444,1,9.9
16216,288.351388888889,1,25.5
15291,288.615972222222,1,15.9
15694,289.379166666667,1,81.36
12849,289.481944444444,1,0.85
16040,289.584722222222,1,16.5
14636,289.588888888889,1,32.55
16152,289.592361111111,1,33.9
13121,290.297916666667,2,-7.4
15932,290.438888888889,1,16.8
16214,290.442361111111,1,17.4
16392,290.492361111111,1,16.4
17542,290.510416666667,1,9.95
13499,290.630555555556,1,17.7
14733,291.459722222222,2,265.2
16817,294.5625,2,45.6
16808,295.204861111111,1,5.04
16778,295.360416666667,1,17.34
15057,296.363194444444,2,337.1
15502,296.500694444444,1,36
17138,296.504166666667,1,15.8
15071,296.570138888889,1,19.8
14586,297.580555555556,1,13.2
15234,297.629861111111,1,17
15834,298.255555555556,1,32.9
15026,298.427083333333,1,2.5
14012,298.481944444444,1,32.7
13117,298.588888888889,2,51.1
14247,299.360416666667,1,3.3
14543,299.55,1,-21.3
13491,301.380555555556,2,23.7
14670,301.418055555556,1,5.07
14995,301.448611111111,1,3.75
14570,301.55625,1,10.9
17508,301.659722222222,1,29.7
13476,302.386805555556,1,25.1
12524,302.413888888889,2,201.2
17374,302.463194444444,1,15
17770,303.434027777778,1,16.5
17048,303.497916666667,1,25.5
12834,303.590972222222,1,25.2
13497,303.622222222222,1,35.4
13166,304.363888888889,1,5
13110,304.376388888889,1,2.95
12866,304.409027777778,1,17
16212,304.464583333333,1,15
15092,304.483333333333,1,35.7
16915,304.588888888889,1,16.8
12428,304.602083333333,1,16.35
15656,305.352777777778,1,17.4
15227,305.467361111111,1,19.8
12458,305.545138888889,1,49.5
15235,305.595138888889,4,52.89
15996,306.334027777778,2,21.9
14472,306.471527777778,1,7.35
16407,306.538194444444,2,14.35
14532,306.581944444444,2,39.75
13493,308.304166666667,1,99
15093,308.419444444444,1,31.5
12361,308.422916666667,1,23.4
13753,308.466666666667,1,40
14470,308.502777777778,1,2.9
14541,308.551388888889,3,22.05
16997,309.272222222222,1,58.5
15847,309.301388888889,1,15
13751,309.336111111111,1,2.5
15543,309.356944444444,1,5.95
12945,309.40625,1,19.5
18151,310.646527777778,1,25.8
13421,311.343055555556,1,129.9
16573,311.365277777778,1,14.85
18114,311.444444444444,1,2.5
13044,312.361111111111,1,15.6
16980,312.459722222222,1,5.9
16656,312.554861111111,1,15
12707,312.640277777778,1,10.2
13744,313.411111111111,1,30.1
17838,313.422222222222,1,55.68
13301,313.449305555556,1,3.3
16726,315.440277777778,1,3.75
12852,315.634027777778,1,17.7
12455,316.288194444444,2,67.1
13151,316.479861111111,1,15
17083,316.509722222222,2,80.56
17175,317.377777777778,1,47.7
16306,317.500694444444,1,6.6
14386,317.59375,1,17.7
15810,317.617361111111,1,6.8
16317,318.395833333333,1,30.6
13941,318.491666666667,1,70.8
17612,318.555555555556,1,25.5
14715,319.445138888889,2,14.55
17829,319.468055555556,1,34.8
14631,319.603472222222,1,15
17255,320.3625,1,1.3
17454,320.443055555556,1,1.7
13742,320.497916666667,2,10.15
13819,322.556944444444,1,25.5
14081,323.321527777778,1,30.15
12857,323.477777777778,1,32.85
17358,324.29375,1,5.95
12462,324.386111111111,1,15
16951,325.376388888889,1,10.5
14048,326.379861111111,1,14.05
14180,326.548611111111,4,35.47
12956,327.327777777778,1,3.75
15808,327.39375,2,49.2
12410,329.556944444444,1,39.6
12754,329.561111111111,1,0.42
17507,330.244444444444,1,10.85
16030,330.522222222222,1,26.55
14188,331.426388888889,1,30
16378,331.470833333333,1,15
14127,331.481944444444,1,15
13093,331.540972222222,2,82.32
14233,331.554861111111,1,39.6
14549,332.425694444444,1,2.95
12373,332.451388888889,1,39
12929,332.494444444444,1,10.2
17314,332.572916666667,1,33
15881,333.300694444444,1,3.75
17256,333.379861111111,1,8.25
17619,333.404166666667,1,4.2
17580,333.411805555556,1,2.95
16403,333.43125,1,16.5
17621,333.453472222222,1,71.28
12908,333.475,1,-390
13161,334.414583333333,1,17.7
12377,336.34375,1,42.6
13552,336.576388888889,1,15.3
13330,336.577777777778,1,79.2
15549,337.348611111111,1,19.8
12468,337.438194444444,1,13.2
14709,337.486805555556,2,50.4
12591,338.392361111111,1,17.4
17786,338.392361111111,1,8.5
17027,338.403472222222,1,5.9
16714,338.430555555556,1,14.4
16043,338.531944444444,1,19.8
13002,339.3625,1,15
12609,339.365972222222,1,6.96
16943,339.416666666667,1,19.9
16222,339.431944444444,1,22.2
16531,339.455555555556,1,15
14130,340.329861111111,1,9.42
15052,340.338888888889,1,9
12421,340.36875,1,5.04
12559,340.575,1,15.3
12727,341.363194444444,1,17.7
15167,341.471527777778,1,3.75
12916,341.553472222222,1,10.5
15174,343.620833333333,1,19.8
17744,343.622916666667,2,55.32
15379,344.415972222222,2,40.59
12402,344.424305555556,1,9.9
13520,345.490277777778,1,22.5
17708,345.577083333333,1,1.25
13984,346.430555555556,1,93.6
12527,346.496527777778,1,17.7
17018,346.634722222222,1,67.5
18212,347.323611111111,1,2.55
14657,347.361805555556,1,2.55
12673,347.509722222222,1,0.85
17609,348.317361111111,1,6.25
16206,348.536805555556,1,5.9
18106,350.484027777778,1,15.9
13385,350.588888888889,1,15
17019,351.508333333333,1,20.65
12728,353.436805555556,1,19.8
14209,353.461111111111,1,15.9
15346,353.529166666667,1,17.85
14320,353.616666666667,1,32.4
17406,354.377083333333,1,47.55
14229,354.497916666667,1,12.5
16850,354.535416666667,1,10.08
17218,355.368055555556,2,28.1
18260,355.3875,1,10.2
17555,355.478472222222,1,5.04
17796,355.533333333333,1,14.4
14672,357.341666666667,1,7.5
12501,357.480555555556,1,60.98
16567,357.603472222222,1,31.8
12413,358.325,1,29.7
16676,358.458333333333,1,12.6
15464,359.336111111111,1,2.5
13715,359.489583333333,1,36.3
16725,360.358333333333,2,5.5
13397,360.423611111111,1,29.7
17905,373.317361111111,2,32.95
12383,373.397222222222,1,10.08
16270,374.398611111111,1,49.8
14643,374.447916666667,1,-8.4
15460,375.327777777778,1,18.3
14083,375.356944444444,2,20.35
13027,375.46875,1,192
17085,375.536111111111,2,8.45
17913,376.517361111111,1,5.1
12647,378.485416666667,1,8.5
12782,378.520833333333,1,45
17848,379.223611111111,1,12.75
17691,379.277777777778,1,15
18176,379.34375,1,15.3
15224,379.373611111111,1,40.95
15574,379.470833333333,2,13.7
17062,379.478472222222,2,22.65
17146,379.486111111111,1,27
15246,379.593055555556,1,15.3
15456,380.351388888889,1,3.9
15822,380.431944444444,1,10.2
13846,381.328472222222,1,19.8
15392,381.340277777778,1,13.6
16499,381.436805555556,1,14.85
15983,381.479166666667,2,35.95
17194,381.495833333333,1,8.5
16083,381.50625,1,34.56
14901,381.521527777778,2,34.9
13324,381.590277777778,1,120
17890,382.366666666667,1,2.9
17303,382.436111111111,1,5.1
14741,382.511111111111,1,20.4
18004,383.425694444444,1,12.45
14413,383.432638888889,1,9.9
17917,383.494444444444,1,12
17251,383.5375,1,4.25
15503,383.54375,1,5.05
16727,385.425,1,15.35
14037,385.514583333333,1,7.5
15723,385.533333333333,1,29.85
14082,385.540277777778,1,5.85
17827,385.540972222222,1,31.5
12649,386.3875,1,-9.9
17671,386.397916666667,1,40.56
16795,386.411111111111,1,40.95
16520,386.452777777778,1,23.1
14896,386.483333333333,1,2.95
14355,386.488888888889,1,15
17999,387.363194444444,1,7.05
15680,387.386805555556,1,14.85
18269,387.421527777778,1,18.6
18259,387.431944444444,1,17.7
13495,387.442361111111,1,-29.7
17341,387.468055555556,1,4.05
16016,387.475,1,26.45
16893,387.495833333333,1,12.6
14032,387.546527777778,1,17.4
16125,388.341666666667,1,45.9
15018,388.550694444444,1,51
16722,389.459027777778,1,84.5
17259,389.461805555556,1,12.3
13155,389.469444444444,1,13.9
17860,389.471527777778,1,20.25
15898,389.540972222222,1,12.85
13767,390.438194444444,1,151.2
16411,390.440277777778,1,6.6
16718,390.45625,1,20.16
14813,390.502083333333,1,1.25
14396,392.361805555556,1,2.55
17787,392.428472222222,1,23.6
12557,392.486111111111,1,214.5
17967,392.528472222222,1,5.8
13370,392.565277777778,1,25.5
12738,393.23125,1,10.2
16634,393.263194444444,1,30
13402,393.283333333333,1,15.6
15646,393.292361111111,1,5.04
14775,393.306944444444,1,50.4
17547,393.396527777778,1,-8.85
16510,393.43125,1,15
16916,393.448611111111,1,1.95
17850,393.483333333333,2,26.4
16546,393.495138888889,1,50.4
16244,393.513194444444,1,55.53
12855,393.599305555556,1,17.7
17732,393.604861111111,1,15.9
16274,394.350694444444,1,5.5
15165,394.414583333333,1,12.75
15350,394.435416666667,1,14.85
17951,394.472222222222,1,75.6
16552,394.475,1,10.2
17968,394.484027777778,1,10.19
16583,394.497916666667,1,32.55
12838,394.502083333333,1,13.6
17908,394.510416666667,1,9.3
